[0.000000] (-) TimerEvent: {}
[0.000206] (package1) JobQueued: {'identifier': 'package1', 'dependencies': OrderedDict()}
[0.000278] (ur10e_interfaces) JobQueued: {'identifier': 'ur10e_interfaces', 'dependencies': OrderedDict()}
[0.000326] (ur_description) JobQueued: {'identifier': 'ur_description', 'dependencies': OrderedDict()}
[0.000374] (ur10e_trajectory_pkg) JobQueued: {'identifier': 'ur10e_trajectory_pkg', 'dependencies': OrderedDict([('ur10e_interfaces', '/root/ros2_ws/install/ur10e_interfaces')])}
[0.000425] (ur10e_interfaces) JobStarted: {'identifier': 'ur10e_interfaces'}
[0.007830] (package1) JobStarted: {'identifier': 'package1'}
[0.013006] (ur_description) JobStarted: {'identifier': 'ur_description'}
[0.024768] (ur10e_interfaces) JobProgress: {'identifier': 'ur10e_interfaces', 'progress': 'cmake'}
[0.025260] (ur10e_interfaces) Command: {'cmd': ['/usr/bin/cmake', '/root/ros2_ws/src/ur10e_interfaces', '-DCMAKE_INSTALL_PREFIX=/root/ros2_ws/install/ur10e_interfaces'], 'cwd': '/root/ros2_ws/build/ur10e_interfaces', 'env': OrderedDict([('HOSTNAME', 'cefd8b24792d'), ('SHLVL', '1'), ('LD_LIBRARY_PATH', '/root/ros2_ws/install/ur10e_interfaces/lib:/opt/ros/humble/opt/rviz_ogre_vendor/lib:/opt/ros/humble/lib/x86_64-linux-gnu:/opt/ros/humble/lib'), ('HOME', '/root'), ('ROS_PYTHON_VERSION', '3'), ('COLCON_PREFIX_PATH', '/root/ros2_ws/install'), ('ROS_DISTRO', 'humble'), ('_', '/usr/bin/colcon'), ('ROS_VERSION', '2'), ('TERM', 'xterm'), ('ROS_LOCALHOST_ONLY', '0'), ('PATH', '/opt/ros/humble/bin:/usr/local/sbin:/usr/local/bin:/usr/sbin:/usr/bin:/sbin:/bin'), ('DISPLAY', ':2'), ('LANG', 'C.UTF-8'), ('LS_COLORS', 'rs=0:di=01;34:ln=01;36:mh=00:pi=40;33:so=01;35:do=01;35:bd=40;33;01:cd=40;33;01:or=40;31;01:mi=00:su=37;41:sg=30;43:ca=30;41:tw=30;42:ow=34;42:st=37;44:ex=01;32:*.tar=01;31:*.tgz=01;31:*.arc=01;31:*.arj=01;31:*.taz=01;31:*.lha=01;31:*.lz4=01;31:*.lzh=01;31:*.lzma=01;31:*.tlz=01;31:*.txz=01;31:*.tzo=01;31:*.t7z=01;31:*.zip=01;31:*.z=01;31:*.dz=01;31:*.gz=01;31:*.lrz=01;31:*.lz=01;31:*.lzo=01;31:*.xz=01;31:*.zst=01;31:*.tzst=01;31:*.bz2=01;31:*.bz=01;31:*.tbz=01;31:*.tbz2=01;31:*.tz=01;31:*.deb=01;31:*.rpm=01;31:*.jar=01;31:*.war=01;31:*.ear=01;31:*.sar=01;31:*.rar=01;31:*.alz=01;31:*.ace=01;31:*.zoo=01;31:*.cpio=01;31:*.7z=01;31:*.rz=01;31:*.cab=01;31:*.wim=01;31:*.swm=01;31:*.dwm=01;31:*.esd=01;31:*.jpg=01;35:*.jpeg=01;35:*.mjpg=01;35:*.mjpeg=01;35:*.gif=01;35:*.bmp=01;35:*.pbm=01;35:*.pgm=01;35:*.ppm=01;35:*.tga=01;35:*.xbm=01;35:*.xpm=01;35:*.tif=01;35:*.tiff=01;35:*.png=01;35:*.svg=01;35:*.svgz=01;35:*.mng=01;35:*.pcx=01;35:*.mov=01;35:*.mpg=01;35:*.mpeg=01;35:*.m2v=01;35:*.mkv=01;35:*.webm=01;35:*.webp=01;35:*.ogm=01;35:*.mp4=01;35:*.m4v=01;35:*.mp4v=01;35:*.vob=01;35:*.qt=01;35:*.nuv=01;35:*.wmv=01;35:*.asf=01;35:*.rm=01;35:*.rmvb=01;35:*.flc=01;35:*.avi=01;35:*.fli=01;35:*.flv=01;35:*.gl=01;35:*.dl=01;35:*.xcf=01;35:*.xwd=01;35:*.yuv=01;35:*.cgm=01;35:*.emf=01;35:*.ogv=01;35:*.ogx=01;35:*.aac=00;36:*.au=00;36:*.flac=00;36:*.m4a=00;36:*.mid=00;36:*.midi=00;36:*.mka=00;36:*.mp3=00;36:*.mpc=00;36:*.ogg=00;36:*.ra=00;36:*.wav=00;36:*.oga=00;36:*.opus=00;36:*.spx=00;36:*.xspf=00;36:'), ('AMENT_PREFIX_PATH', '/root/ros2_ws/install/ur_description:/root/ros2_ws/install/ur10e_trajectory_pkg:/root/ros2_ws/install/ur10e_interfaces:/root/ros2_ws/install/package1:/opt/ros/humble'), ('PWD', '/root/ros2_ws/build/ur10e_interfaces'), ('LC_ALL', 'C.UTF-8'), ('PYTHONPATH', '/root/ros2_ws/install/ur10e_trajectory_pkg/lib/python3.10/site-packages:/root/ros2_ws/install/ur10e_interfaces/local/lib/python3.10/dist-packages:/root/ros2_ws/install/package1/lib/python3.10/site-packages:/opt/ros/humble/lib/python3.10/site-packages:/opt/ros/humble/local/lib/python3.10/dist-packages'), ('COLCON', '1'), ('CMAKE_PREFIX_PATH', '/root/ros2_ws/install/ur_description:/root/ros2_ws/install/ur10e_interfaces:/root/ros2_ws/install/ur10e_trajectory_pkg:/root/ros2_ws/install/package1:/opt/ros/humble')]), 'shell': False}
[0.099576] (-) TimerEvent: {}
[0.199816] (-) TimerEvent: {}
[0.249313] (ur10e_interfaces) StdoutLine: {'line': b'-- The C compiler identification is GNU 11.4.0\n'}
[0.249844] (ur10e_interfaces) StdoutLine: {'line': b'-- The CXX compiler identification is GNU 11.4.0\n'}
[0.250011] (ur10e_interfaces) StdoutLine: {'line': b'-- Detecting C compiler ABI info\n'}
[0.250182] (ur_description) JobProgress: {'identifier': 'ur_description', 'progress': 'cmake'}
[0.250809] (ur_description) Command: {'cmd': ['/usr/bin/cmake', '/root/ros2_ws/src/Universal_Robots_ROS2_Description', '-DCMAKE_INSTALL_PREFIX=/root/ros2_ws/install/ur_description'], 'cwd': '/root/ros2_ws/build/ur_description', 'env': OrderedDict([('HOSTNAME', 'cefd8b24792d'), ('SHLVL', '1'), ('LD_LIBRARY_PATH', '/root/ros2_ws/install/ur10e_interfaces/lib:/opt/ros/humble/opt/rviz_ogre_vendor/lib:/opt/ros/humble/lib/x86_64-linux-gnu:/opt/ros/humble/lib'), ('HOME', '/root'), ('ROS_PYTHON_VERSION', '3'), ('COLCON_PREFIX_PATH', '/root/ros2_ws/install'), ('ROS_DISTRO', 'humble'), ('_', '/usr/bin/colcon'), ('ROS_VERSION', '2'), ('TERM', 'xterm'), ('ROS_LOCALHOST_ONLY', '0'), ('PATH', '/opt/ros/humble/bin:/usr/local/sbin:/usr/local/bin:/usr/sbin:/usr/bin:/sbin:/bin'), ('DISPLAY', ':2'), ('LANG', 'C.UTF-8'), ('LS_COLORS', 'rs=0:di=01;34:ln=01;36:mh=00:pi=40;33:so=01;35:do=01;35:bd=40;33;01:cd=40;33;01:or=40;31;01:mi=00:su=37;41:sg=30;43:ca=30;41:tw=30;42:ow=34;42:st=37;44:ex=01;32:*.tar=01;31:*.tgz=01;31:*.arc=01;31:*.arj=01;31:*.taz=01;31:*.lha=01;31:*.lz4=01;31:*.lzh=01;31:*.lzma=01;31:*.tlz=01;31:*.txz=01;31:*.tzo=01;31:*.t7z=01;31:*.zip=01;31:*.z=01;31:*.dz=01;31:*.gz=01;31:*.lrz=01;31:*.lz=01;31:*.lzo=01;31:*.xz=01;31:*.zst=01;31:*.tzst=01;31:*.bz2=01;31:*.bz=01;31:*.tbz=01;31:*.tbz2=01;31:*.tz=01;31:*.deb=01;31:*.rpm=01;31:*.jar=01;31:*.war=01;31:*.ear=01;31:*.sar=01;31:*.rar=01;31:*.alz=01;31:*.ace=01;31:*.zoo=01;31:*.cpio=01;31:*.7z=01;31:*.rz=01;31:*.cab=01;31:*.wim=01;31:*.swm=01;31:*.dwm=01;31:*.esd=01;31:*.jpg=01;35:*.jpeg=01;35:*.mjpg=01;35:*.mjpeg=01;35:*.gif=01;35:*.bmp=01;35:*.pbm=01;35:*.pgm=01;35:*.ppm=01;35:*.tga=01;35:*.xbm=01;35:*.xpm=01;35:*.tif=01;35:*.tiff=01;35:*.png=01;35:*.svg=01;35:*.svgz=01;35:*.mng=01;35:*.pcx=01;35:*.mov=01;35:*.mpg=01;35:*.mpeg=01;35:*.m2v=01;35:*.mkv=01;35:*.webm=01;35:*.webp=01;35:*.ogm=01;35:*.mp4=01;35:*.m4v=01;35:*.mp4v=01;35:*.vob=01;35:*.qt=01;35:*.nuv=01;35:*.wmv=01;35:*.asf=01;35:*.rm=01;35:*.rmvb=01;35:*.flc=01;35:*.avi=01;35:*.fli=01;35:*.flv=01;35:*.gl=01;35:*.dl=01;35:*.xcf=01;35:*.xwd=01;35:*.yuv=01;35:*.cgm=01;35:*.emf=01;35:*.ogv=01;35:*.ogx=01;35:*.aac=00;36:*.au=00;36:*.flac=00;36:*.m4a=00;36:*.mid=00;36:*.midi=00;36:*.mka=00;36:*.mp3=00;36:*.mpc=00;36:*.ogg=00;36:*.ra=00;36:*.wav=00;36:*.oga=00;36:*.opus=00;36:*.spx=00;36:*.xspf=00;36:'), ('AMENT_PREFIX_PATH', '/root/ros2_ws/install/ur_description:/root/ros2_ws/install/ur10e_trajectory_pkg:/root/ros2_ws/install/ur10e_interfaces:/root/ros2_ws/install/package1:/opt/ros/humble'), ('PWD', '/root/ros2_ws/build/ur_description'), ('LC_ALL', 'C.UTF-8'), ('PYTHONPATH', '/root/ros2_ws/install/ur10e_trajectory_pkg/lib/python3.10/site-packages:/root/ros2_ws/install/ur10e_interfaces/local/lib/python3.10/dist-packages:/root/ros2_ws/install/package1/lib/python3.10/site-packages:/opt/ros/humble/lib/python3.10/site-packages:/opt/ros/humble/local/lib/python3.10/dist-packages'), ('COLCON', '1'), ('CMAKE_PREFIX_PATH', '/root/ros2_ws/install/ur_description:/root/ros2_ws/install/ur10e_interfaces:/root/ros2_ws/install/ur10e_trajectory_pkg:/root/ros2_ws/install/package1:/opt/ros/humble')]), 'shell': False}
[0.295369] (ur10e_interfaces) StdoutLine: {'line': b'-- Detecting C compiler ABI info - done\n'}
[0.297994] (ur_description) StdoutLine: {'line': b'-- The C compiler identification is GNU 11.4.0\n'}
[0.299933] (-) TimerEvent: {}
[0.301745] (ur10e_interfaces) StdoutLine: {'line': b'-- Check for working C compiler: /usr/bin/cc - skipped\n'}
[0.302051] (ur10e_interfaces) StdoutLine: {'line': b'-- Detecting C compile features\n'}
[0.305058] (ur10e_interfaces) StdoutLine: {'line': b'-- Detecting C compile features - done\n'}
[0.307884] (ur10e_interfaces) StdoutLine: {'line': b'-- Detecting CXX compiler ABI info\n'}
[0.346483] (ur_description) StdoutLine: {'line': b'-- The CXX compiler identification is GNU 11.4.0\n'}
[0.353164] (ur_description) StdoutLine: {'line': b'-- Detecting C compiler ABI info\n'}
[0.384292] (ur10e_interfaces) StdoutLine: {'line': b'-- Detecting CXX compiler ABI info - done\n'}
[0.392455] (ur10e_interfaces) StdoutLine: {'line': b'-- Check for working CXX compiler: /usr/bin/c++ - skipped\n'}
[0.392640] (ur10e_interfaces) StdoutLine: {'line': b'-- Detecting CXX compile features\n'}
[0.392724] (ur10e_interfaces) StdoutLine: {'line': b'-- Detecting CXX compile features - done\n'}
[0.396246] (ur10e_interfaces) StdoutLine: {'line': b'-- Found ament_cmake: 1.3.14 (/opt/ros/humble/share/ament_cmake/cmake)\n'}
[0.400064] (-) TimerEvent: {}
[0.421387] (ur_description) StdoutLine: {'line': b'-- Detecting C compiler ABI info - done\n'}
[0.427593] (ur_description) StdoutLine: {'line': b'-- Check for working C compiler: /usr/bin/cc - skipped\n'}
[0.427804] (ur_description) StdoutLine: {'line': b'-- Detecting C compile features\n'}
[0.428236] (ur_description) StdoutLine: {'line': b'-- Detecting C compile features - done\n'}
[0.431391] (ur_description) StdoutLine: {'line': b'-- Detecting CXX compiler ABI info\n'}
[0.500146] (-) TimerEvent: {}
[0.503914] (ur_description) StdoutLine: {'line': b'-- Detecting CXX compiler ABI info - done\n'}
[0.510416] (ur_description) StdoutLine: {'line': b'-- Check for working CXX compiler: /usr/bin/c++ - skipped\n'}
[0.510668] (ur_description) StdoutLine: {'line': b'-- Detecting CXX compile features\n'}
[0.511174] (ur_description) StdoutLine: {'line': b'-- Detecting CXX compile features - done\n'}
[0.514243] (ur_description) StdoutLine: {'line': b'-- Found ament_cmake: 1.3.14 (/opt/ros/humble/share/ament_cmake/cmake)\n'}
[0.538600] (ur10e_interfaces) StdoutLine: {'line': b'-- Found Python3: /usr/bin/python3 (found version "3.10.12") found components: Interpreter \n'}
[0.555577] (package1) Command: {'cmd': ['/usr/bin/python3', '-W', 'ignore:setup.py install is deprecated', '-W', 'ignore:easy_install command is deprecated', 'setup.py', 'egg_info', '--egg-base', '../../build/package1', 'build', '--build-base', '/root/ros2_ws/build/package1/build', 'install', '--record', '/root/ros2_ws/build/package1/install.log', '--install-scripts', '$base/lib/package1', '--single-version-externally-managed', 'install_data'], 'cwd': '/root/ros2_ws/src/package1', 'env': {'HOSTNAME': 'cefd8b24792d', 'SHLVL': '1', 'LD_LIBRARY_PATH': '/root/ros2_ws/install/ur10e_interfaces/lib:/opt/ros/humble/opt/rviz_ogre_vendor/lib:/opt/ros/humble/lib/x86_64-linux-gnu:/opt/ros/humble/lib', 'HOME': '/root', 'ROS_PYTHON_VERSION': '3', 'COLCON_PREFIX_PATH': '/root/ros2_ws/install', 'ROS_DISTRO': 'humble', '_': '/usr/bin/colcon', 'ROS_VERSION': '2', 'TERM': 'xterm', 'ROS_LOCALHOST_ONLY': '0', 'PATH': '/opt/ros/humble/bin:/usr/local/sbin:/usr/local/bin:/usr/sbin:/usr/bin:/sbin:/bin', 'DISPLAY': ':2', 'LANG': 'C.UTF-8', 'LS_COLORS': 'rs=0:di=01;34:ln=01;36:mh=00:pi=40;33:so=01;35:do=01;35:bd=40;33;01:cd=40;33;01:or=40;31;01:mi=00:su=37;41:sg=30;43:ca=30;41:tw=30;42:ow=34;42:st=37;44:ex=01;32:*.tar=01;31:*.tgz=01;31:*.arc=01;31:*.arj=01;31:*.taz=01;31:*.lha=01;31:*.lz4=01;31:*.lzh=01;31:*.lzma=01;31:*.tlz=01;31:*.txz=01;31:*.tzo=01;31:*.t7z=01;31:*.zip=01;31:*.z=01;31:*.dz=01;31:*.gz=01;31:*.lrz=01;31:*.lz=01;31:*.lzo=01;31:*.xz=01;31:*.zst=01;31:*.tzst=01;31:*.bz2=01;31:*.bz=01;31:*.tbz=01;31:*.tbz2=01;31:*.tz=01;31:*.deb=01;31:*.rpm=01;31:*.jar=01;31:*.war=01;31:*.ear=01;31:*.sar=01;31:*.rar=01;31:*.alz=01;31:*.ace=01;31:*.zoo=01;31:*.cpio=01;31:*.7z=01;31:*.rz=01;31:*.cab=01;31:*.wim=01;31:*.swm=01;31:*.dwm=01;31:*.esd=01;31:*.jpg=01;35:*.jpeg=01;35:*.mjpg=01;35:*.mjpeg=01;35:*.gif=01;35:*.bmp=01;35:*.pbm=01;35:*.pgm=01;35:*.ppm=01;35:*.tga=01;35:*.xbm=01;35:*.xpm=01;35:*.tif=01;35:*.tiff=01;35:*.png=01;35:*.svg=01;35:*.svgz=01;35:*.mng=01;35:*.pcx=01;35:*.mov=01;35:*.mpg=01;35:*.mpeg=01;35:*.m2v=01;35:*.mkv=01;35:*.webm=01;35:*.webp=01;35:*.ogm=01;35:*.mp4=01;35:*.m4v=01;35:*.mp4v=01;35:*.vob=01;35:*.qt=01;35:*.nuv=01;35:*.wmv=01;35:*.asf=01;35:*.rm=01;35:*.rmvb=01;35:*.flc=01;35:*.avi=01;35:*.fli=01;35:*.flv=01;35:*.gl=01;35:*.dl=01;35:*.xcf=01;35:*.xwd=01;35:*.yuv=01;35:*.cgm=01;35:*.emf=01;35:*.ogv=01;35:*.ogx=01;35:*.aac=00;36:*.au=00;36:*.flac=00;36:*.m4a=00;36:*.mid=00;36:*.midi=00;36:*.mka=00;36:*.mp3=00;36:*.mpc=00;36:*.ogg=00;36:*.ra=00;36:*.wav=00;36:*.oga=00;36:*.opus=00;36:*.spx=00;36:*.xspf=00;36:', 'AMENT_PREFIX_PATH': '/root/ros2_ws/install/ur_description:/root/ros2_ws/install/ur10e_trajectory_pkg:/root/ros2_ws/install/ur10e_interfaces:/root/ros2_ws/install/package1:/opt/ros/humble', 'PWD': '/root/ros2_ws/build/package1', 'LC_ALL': 'C.UTF-8', 'PYTHONPATH': '/root/ros2_ws/build/package1/prefix_override:/usr/lib/python3/dist-packages/colcon_core/task/python/colcon_distutils_commands:/root/ros2_ws/install/package1/lib/python3.10/site-packages:/root/ros2_ws/install/ur10e_trajectory_pkg/lib/python3.10/site-packages:/root/ros2_ws/install/ur10e_interfaces/local/lib/python3.10/dist-packages:/root/ros2_ws/install/package1/lib/python3.10/site-packages:/opt/ros/humble/lib/python3.10/site-packages:/opt/ros/humble/local/lib/python3.10/dist-packages', 'COLCON': '1', 'CMAKE_PREFIX_PATH': '/root/ros2_ws/install/ur_description:/root/ros2_ws/install/ur10e_interfaces'}, 'shell': False}
[0.600259] (-) TimerEvent: {}
[0.636461] (ur10e_interfaces) StdoutLine: {'line': b'-- Found rosidl_default_generators: 1.2.1 (/opt/ros/humble/share/rosidl_default_generators/cmake)\n'}
[0.639913] (ur10e_interfaces) StdoutLine: {'line': b'-- Using all available rosidl_typesupport_c: rosidl_typesupport_fastrtps_c;rosidl_typesupport_introspection_c\n'}
[0.646350] (ur_description) StdoutLine: {'line': b'-- Found Python3: /usr/bin/python3 (found version "3.10.12") found components: Interpreter \n'}
[0.648594] (ur10e_interfaces) StdoutLine: {'line': b'-- Found rosidl_adapter: 3.1.9 (/opt/ros/humble/share/rosidl_adapter/cmake)\n'}
[0.694113] (ur10e_interfaces) StdoutLine: {'line': b'-- Using all available rosidl_typesupport_cpp: rosidl_typesupport_fastrtps_cpp;rosidl_typesupport_introspection_cpp\n'}
[0.700371] (-) TimerEvent: {}
[0.729423] (ur_description) StdoutLine: {'line': b'-- Found ament_cmake_pytest: 1.3.14 (/opt/ros/humble/share/ament_cmake_pytest/cmake)\n'}
[0.764028] (package1) StdoutLine: {'line': b'running egg_info\n'}
[0.764456] (package1) StdoutLine: {'line': b'creating ../../build/package1/package1.egg-info\n'}
[0.764593] (package1) StdoutLine: {'line': b'writing ../../build/package1/package1.egg-info/PKG-INFO\n'}
[0.764864] (package1) StdoutLine: {'line': b'writing dependency_links to ../../build/package1/package1.egg-info/dependency_links.txt\n'}
[0.765058] (package1) StdoutLine: {'line': b'writing entry points to ../../build/package1/package1.egg-info/entry_points.txt\n'}
[0.765256] (package1) StdoutLine: {'line': b'writing requirements to ../../build/package1/package1.egg-info/requires.txt\n'}
[0.765365] (package1) StdoutLine: {'line': b'writing top-level names to ../../build/package1/package1.egg-info/top_level.txt\n'}
[0.765441] (package1) StdoutLine: {'line': b"writing manifest file '../../build/package1/package1.egg-info/SOURCES.txt'\n"}
[0.766872] (package1) StdoutLine: {'line': b"reading manifest file '../../build/package1/package1.egg-info/SOURCES.txt'\n"}
[0.767476] (package1) StdoutLine: {'line': b"writing manifest file '../../build/package1/package1.egg-info/SOURCES.txt'\n"}
[0.767630] (package1) StdoutLine: {'line': b'running build\n'}
[0.767735] (package1) StdoutLine: {'line': b'running build_py\n'}
[0.767821] (package1) StdoutLine: {'line': b'creating /root/ros2_ws/build/package1/build\n'}
[0.767937] (package1) StdoutLine: {'line': b'creating /root/ros2_ws/build/package1/build/lib\n'}
[0.768014] (package1) StdoutLine: {'line': b'creating /root/ros2_ws/build/package1/build/lib/package1\n'}
[0.768086] (package1) StdoutLine: {'line': b'copying package1/first_node.py -> /root/ros2_ws/build/package1/build/lib/package1\n'}
[0.768269] (package1) StdoutLine: {'line': b'copying package1/__init__.py -> /root/ros2_ws/build/package1/build/lib/package1\n'}
[0.768485] (package1) StdoutLine: {'line': b'running install\n'}
[0.768701] (package1) StdoutLine: {'line': b'running install_lib\n'}
[0.769338] (package1) StdoutLine: {'line': b'creating /root/ros2_ws/install/package1/lib/python3.10/site-packages/package1\n'}
[0.769447] (package1) StdoutLine: {'line': b'copying /root/ros2_ws/build/package1/build/lib/package1/first_node.py -> /root/ros2_ws/install/package1/lib/python3.10/site-packages/package1\n'}
[0.769585] (package1) StdoutLine: {'line': b'copying /root/ros2_ws/build/package1/build/lib/package1/__init__.py -> /root/ros2_ws/install/package1/lib/python3.10/site-packages/package1\n'}
[0.770031] (package1) StdoutLine: {'line': b'byte-compiling /root/ros2_ws/install/package1/lib/python3.10/site-packages/package1/first_node.py to first_node.cpython-310.pyc\n'}
[0.770406] (package1) StdoutLine: {'line': b'byte-compiling /root/ros2_ws/install/package1/lib/python3.10/site-packages/package1/__init__.py to __init__.cpython-310.pyc\n'}
[0.770584] (package1) StdoutLine: {'line': b'running install_data\n'}
[0.770695] (package1) StdoutLine: {'line': b'creating /root/ros2_ws/install/package1/share/ament_index\n'}
[0.770792] (package1) StdoutLine: {'line': b'creating /root/ros2_ws/install/package1/share/ament_index/resource_index\n'}
[0.770879] (package1) StdoutLine: {'line': b'creating /root/ros2_ws/install/package1/share/ament_index/resource_index/packages\n'}
[0.770987] (package1) StdoutLine: {'line': b'copying resource/package1 -> /root/ros2_ws/install/package1/share/ament_index/resource_index/packages\n'}
[0.771078] (package1) StdoutLine: {'line': b'copying package.xml -> /root/ros2_ws/install/package1/share/package1\n'}
[0.771156] (package1) StdoutLine: {'line': b'running install_egg_info\n'}
[0.772610] (package1) StdoutLine: {'line': b'Copying ../../build/package1/package1.egg-info to /root/ros2_ws/install/package1/lib/python3.10/site-packages/package1-0.0.0-py3.10.egg-info\n'}
[0.773867] (package1) StdoutLine: {'line': b'running install_scripts\n'}
[0.792692] (package1) StdoutLine: {'line': b'Installing test_node script to /root/ros2_ws/install/package1/lib/package1\n'}
[0.793064] (package1) StdoutLine: {'line': b"writing list of installed files to '/root/ros2_ws/build/package1/install.log'\n"}
[0.800485] (-) TimerEvent: {}
[0.811753] (package1) CommandEnded: {'returncode': 0}
[0.821317] (package1) JobEnded: {'identifier': 'package1', 'rc': 0}
[0.900610] (-) TimerEvent: {}
[0.938941] (ur10e_interfaces) StdoutLine: {'line': b'-- Found ament_cmake_ros: 0.10.0 (/opt/ros/humble/share/ament_cmake_ros/cmake)\n'}
[1.000723] (-) TimerEvent: {}
[1.089713] (ur10e_interfaces) StdoutLine: {'line': b'-- Using all available rosidl_typesupport_c: rosidl_typesupport_fastrtps_c;rosidl_typesupport_introspection_c\n'}
[1.100832] (-) TimerEvent: {}
[1.201041] (-) TimerEvent: {}
[1.286946] (ur10e_interfaces) StdoutLine: {'line': b'-- Using all available rosidl_typesupport_cpp: rosidl_typesupport_fastrtps_cpp;rosidl_typesupport_introspection_cpp\n'}
[1.297058] (ur_description) StdoutLine: {'line': b'-- Configuring done\n'}
[1.300462] (ur_description) StdoutLine: {'line': b'-- Generating done\n'}
[1.301104] (-) TimerEvent: {}
[1.302550] (ur_description) StdoutLine: {'line': b'-- Build files have been written to: /root/ros2_ws/build/ur_description\n'}
[1.305305] (ur_description) CommandEnded: {'returncode': 0}
[1.305712] (ur_description) JobProgress: {'identifier': 'ur_description', 'progress': 'build'}
[1.306657] (ur_description) Command: {'cmd': ['/usr/bin/cmake', '--build', '/root/ros2_ws/build/ur_description', '--', '-j8', '-l8'], 'cwd': '/root/ros2_ws/build/ur_description', 'env': OrderedDict([('HOSTNAME', 'cefd8b24792d'), ('SHLVL', '1'), ('LD_LIBRARY_PATH', '/root/ros2_ws/install/ur10e_interfaces/lib:/opt/ros/humble/opt/rviz_ogre_vendor/lib:/opt/ros/humble/lib/x86_64-linux-gnu:/opt/ros/humble/lib'), ('HOME', '/root'), ('ROS_PYTHON_VERSION', '3'), ('COLCON_PREFIX_PATH', '/root/ros2_ws/install'), ('ROS_DISTRO', 'humble'), ('_', '/usr/bin/colcon'), ('ROS_VERSION', '2'), ('TERM', 'xterm'), ('ROS_LOCALHOST_ONLY', '0'), ('PATH', '/opt/ros/humble/bin:/usr/local/sbin:/usr/local/bin:/usr/sbin:/usr/bin:/sbin:/bin'), ('DISPLAY', ':2'), ('LANG', 'C.UTF-8'), ('LS_COLORS', 'rs=0:di=01;34:ln=01;36:mh=00:pi=40;33:so=01;35:do=01;35:bd=40;33;01:cd=40;33;01:or=40;31;01:mi=00:su=37;41:sg=30;43:ca=30;41:tw=30;42:ow=34;42:st=37;44:ex=01;32:*.tar=01;31:*.tgz=01;31:*.arc=01;31:*.arj=01;31:*.taz=01;31:*.lha=01;31:*.lz4=01;31:*.lzh=01;31:*.lzma=01;31:*.tlz=01;31:*.txz=01;31:*.tzo=01;31:*.t7z=01;31:*.zip=01;31:*.z=01;31:*.dz=01;31:*.gz=01;31:*.lrz=01;31:*.lz=01;31:*.lzo=01;31:*.xz=01;31:*.zst=01;31:*.tzst=01;31:*.bz2=01;31:*.bz=01;31:*.tbz=01;31:*.tbz2=01;31:*.tz=01;31:*.deb=01;31:*.rpm=01;31:*.jar=01;31:*.war=01;31:*.ear=01;31:*.sar=01;31:*.rar=01;31:*.alz=01;31:*.ace=01;31:*.zoo=01;31:*.cpio=01;31:*.7z=01;31:*.rz=01;31:*.cab=01;31:*.wim=01;31:*.swm=01;31:*.dwm=01;31:*.esd=01;31:*.jpg=01;35:*.jpeg=01;35:*.mjpg=01;35:*.mjpeg=01;35:*.gif=01;35:*.bmp=01;35:*.pbm=01;35:*.pgm=01;35:*.ppm=01;35:*.tga=01;35:*.xbm=01;35:*.xpm=01;35:*.tif=01;35:*.tiff=01;35:*.png=01;35:*.svg=01;35:*.svgz=01;35:*.mng=01;35:*.pcx=01;35:*.mov=01;35:*.mpg=01;35:*.mpeg=01;35:*.m2v=01;35:*.mkv=01;35:*.webm=01;35:*.webp=01;35:*.ogm=01;35:*.mp4=01;35:*.m4v=01;35:*.mp4v=01;35:*.vob=01;35:*.qt=01;35:*.nuv=01;35:*.wmv=01;35:*.asf=01;35:*.rm=01;35:*.rmvb=01;35:*.flc=01;35:*.avi=01;35:*.fli=01;35:*.flv=01;35:*.gl=01;35:*.dl=01;35:*.xcf=01;35:*.xwd=01;35:*.yuv=01;35:*.cgm=01;35:*.emf=01;35:*.ogv=01;35:*.ogx=01;35:*.aac=00;36:*.au=00;36:*.flac=00;36:*.m4a=00;36:*.mid=00;36:*.midi=00;36:*.mka=00;36:*.mp3=00;36:*.mpc=00;36:*.ogg=00;36:*.ra=00;36:*.wav=00;36:*.oga=00;36:*.opus=00;36:*.spx=00;36:*.xspf=00;36:'), ('AMENT_PREFIX_PATH', '/root/ros2_ws/install/ur_description:/root/ros2_ws/install/ur10e_trajectory_pkg:/root/ros2_ws/install/ur10e_interfaces:/root/ros2_ws/install/package1:/opt/ros/humble'), ('PWD', '/root/ros2_ws/build/ur_description'), ('LC_ALL', 'C.UTF-8'), ('PYTHONPATH', '/root/ros2_ws/install/ur10e_trajectory_pkg/lib/python3.10/site-packages:/root/ros2_ws/install/ur10e_interfaces/local/lib/python3.10/dist-packages:/root/ros2_ws/install/package1/lib/python3.10/site-packages:/opt/ros/humble/lib/python3.10/site-packages:/opt/ros/humble/local/lib/python3.10/dist-packages'), ('COLCON', '1'), ('CMAKE_PREFIX_PATH', '/root/ros2_ws/install/ur_description:/root/ros2_ws/install/ur10e_interfaces:/root/ros2_ws/install/ur10e_trajectory_pkg:/root/ros2_ws/install/package1:/opt/ros/humble')]), 'shell': False}
[1.307097] (ur10e_interfaces) StdoutLine: {'line': b'-- Found PythonInterp: /usr/bin/python3 (found suitable version "3.10.12", minimum required is "3.6") \n'}
[1.308096] (ur10e_interfaces) StdoutLine: {'line': b'-- Found python_cmake_module: 0.10.0 (/opt/ros/humble/share/python_cmake_module/cmake)\n'}
[1.329348] (ur10e_interfaces) StdoutLine: {'line': b'-- Found PythonLibs: /usr/lib/x86_64-linux-gnu/libpython3.10.so (found suitable version "3.10.12", minimum required is "3.5") \n'}
[1.329507] (ur10e_interfaces) StdoutLine: {'line': b'-- Using PYTHON_EXECUTABLE: /usr/bin/python3\n'}
[1.329583] (ur10e_interfaces) StdoutLine: {'line': b'-- Using PYTHON_INCLUDE_DIRS: /usr/include/python3.10\n'}
[1.329667] (ur10e_interfaces) StdoutLine: {'line': b'-- Using PYTHON_LIBRARIES: /usr/lib/x86_64-linux-gnu/libpython3.10.so\n'}
[1.337497] (ur_description) CommandEnded: {'returncode': 0}
[1.338032] (ur_description) JobProgress: {'identifier': 'ur_description', 'progress': 'install'}
[1.345505] (ur_description) Command: {'cmd': ['/usr/bin/cmake', '--install', '/root/ros2_ws/build/ur_description'], 'cwd': '/root/ros2_ws/build/ur_description', 'env': OrderedDict([('HOSTNAME', 'cefd8b24792d'), ('SHLVL', '1'), ('LD_LIBRARY_PATH', '/root/ros2_ws/install/ur10e_interfaces/lib:/opt/ros/humble/opt/rviz_ogre_vendor/lib:/opt/ros/humble/lib/x86_64-linux-gnu:/opt/ros/humble/lib'), ('HOME', '/root'), ('ROS_PYTHON_VERSION', '3'), ('COLCON_PREFIX_PATH', '/root/ros2_ws/install'), ('ROS_DISTRO', 'humble'), ('_', '/usr/bin/colcon'), ('ROS_VERSION', '2'), ('TERM', 'xterm'), ('ROS_LOCALHOST_ONLY', '0'), ('PATH', '/opt/ros/humble/bin:/usr/local/sbin:/usr/local/bin:/usr/sbin:/usr/bin:/sbin:/bin'), ('DISPLAY', ':2'), ('LANG', 'C.UTF-8'), ('LS_COLORS', 'rs=0:di=01;34:ln=01;36:mh=00:pi=40;33:so=01;35:do=01;35:bd=40;33;01:cd=40;33;01:or=40;31;01:mi=00:su=37;41:sg=30;43:ca=30;41:tw=30;42:ow=34;42:st=37;44:ex=01;32:*.tar=01;31:*.tgz=01;31:*.arc=01;31:*.arj=01;31:*.taz=01;31:*.lha=01;31:*.lz4=01;31:*.lzh=01;31:*.lzma=01;31:*.tlz=01;31:*.txz=01;31:*.tzo=01;31:*.t7z=01;31:*.zip=01;31:*.z=01;31:*.dz=01;31:*.gz=01;31:*.lrz=01;31:*.lz=01;31:*.lzo=01;31:*.xz=01;31:*.zst=01;31:*.tzst=01;31:*.bz2=01;31:*.bz=01;31:*.tbz=01;31:*.tbz2=01;31:*.tz=01;31:*.deb=01;31:*.rpm=01;31:*.jar=01;31:*.war=01;31:*.ear=01;31:*.sar=01;31:*.rar=01;31:*.alz=01;31:*.ace=01;31:*.zoo=01;31:*.cpio=01;31:*.7z=01;31:*.rz=01;31:*.cab=01;31:*.wim=01;31:*.swm=01;31:*.dwm=01;31:*.esd=01;31:*.jpg=01;35:*.jpeg=01;35:*.mjpg=01;35:*.mjpeg=01;35:*.gif=01;35:*.bmp=01;35:*.pbm=01;35:*.pgm=01;35:*.ppm=01;35:*.tga=01;35:*.xbm=01;35:*.xpm=01;35:*.tif=01;35:*.tiff=01;35:*.png=01;35:*.svg=01;35:*.svgz=01;35:*.mng=01;35:*.pcx=01;35:*.mov=01;35:*.mpg=01;35:*.mpeg=01;35:*.m2v=01;35:*.mkv=01;35:*.webm=01;35:*.webp=01;35:*.ogm=01;35:*.mp4=01;35:*.m4v=01;35:*.mp4v=01;35:*.vob=01;35:*.qt=01;35:*.nuv=01;35:*.wmv=01;35:*.asf=01;35:*.rm=01;35:*.rmvb=01;35:*.flc=01;35:*.avi=01;35:*.fli=01;35:*.flv=01;35:*.gl=01;35:*.dl=01;35:*.xcf=01;35:*.xwd=01;35:*.yuv=01;35:*.cgm=01;35:*.emf=01;35:*.ogv=01;35:*.ogx=01;35:*.aac=00;36:*.au=00;36:*.flac=00;36:*.m4a=00;36:*.mid=00;36:*.midi=00;36:*.mka=00;36:*.mp3=00;36:*.mpc=00;36:*.ogg=00;36:*.ra=00;36:*.wav=00;36:*.oga=00;36:*.opus=00;36:*.spx=00;36:*.xspf=00;36:'), ('AMENT_PREFIX_PATH', '/root/ros2_ws/install/ur_description:/root/ros2_ws/install/ur10e_trajectory_pkg:/root/ros2_ws/install/ur10e_interfaces:/root/ros2_ws/install/package1:/opt/ros/humble'), ('PWD', '/root/ros2_ws/build/ur_description'), ('LC_ALL', 'C.UTF-8'), ('PYTHONPATH', '/root/ros2_ws/install/ur10e_trajectory_pkg/lib/python3.10/site-packages:/root/ros2_ws/install/ur10e_interfaces/local/lib/python3.10/dist-packages:/root/ros2_ws/install/package1/lib/python3.10/site-packages:/opt/ros/humble/lib/python3.10/site-packages:/opt/ros/humble/local/lib/python3.10/dist-packages'), ('COLCON', '1'), ('CMAKE_PREFIX_PATH', '/root/ros2_ws/install/ur_description:/root/ros2_ws/install/ur10e_interfaces:/root/ros2_ws/install/ur10e_trajectory_pkg:/root/ros2_ws/install/package1:/opt/ros/humble')]), 'shell': False}
[1.347487] (ur10e_interfaces) StdoutLine: {'line': b'-- Found PythonExtra: .so  \n'}
[1.351626] (ur_description) StdoutLine: {'line': b'-- Install configuration: ""\n'}
[1.351776] (ur_description) StdoutLine: {'line': b'-- Installing: /root/ros2_ws/install/ur_description/share/ur_description/config\n'}
[1.351884] (ur_description) StdoutLine: {'line': b'-- Installing: /root/ros2_ws/install/ur_description/share/ur_description/config/ur3e\n'}
[1.352110] (ur_description) StdoutLine: {'line': b'-- Installing: /root/ros2_ws/install/ur_description/share/ur_description/config/ur3e/physical_parameters.yaml\n'}
[1.353626] (ur_description) StdoutLine: {'line': b'-- Installing: /root/ros2_ws/install/ur_description/share/ur_description/config/ur3e/default_kinematics.yaml\n'}
[1.354199] (ur_description) StdoutLine: {'line': b'-- Installing: /root/ros2_ws/install/ur_description/share/ur_description/config/ur3e/visual_parameters.yaml\n'}
[1.354698] (ur_description) StdoutLine: {'line': b'-- Installing: /root/ros2_ws/install/ur_description/share/ur_description/config/ur3e/joint_limits.yaml\n'}
[1.355206] (ur_description) StdoutLine: {'line': b'-- Installing: /root/ros2_ws/install/ur_description/share/ur_description/config/ur12e\n'}
[1.355419] (ur_description) StdoutLine: {'line': b'-- Installing: /root/ros2_ws/install/ur_description/share/ur_description/config/ur12e/physical_parameters.yaml\n'}
[1.355841] (ur_description) StdoutLine: {'line': b'-- Installing: /root/ros2_ws/install/ur_description/share/ur_description/config/ur12e/joint_limits.yaml\n'}
[1.356440] (ur_description) StdoutLine: {'line': b'-- Installing: /root/ros2_ws/install/ur_description/share/ur_description/config/ur12e/default_kinematics.yaml\n'}
[1.356849] (ur_description) StdoutLine: {'line': b'-- Installing: /root/ros2_ws/install/ur_description/share/ur_description/config/ur12e/visual_parameters.yaml\n'}
[1.357338] (ur_description) StdoutLine: {'line': b'-- Installing: /root/ros2_ws/install/ur_description/share/ur_description/config/ur5\n'}
[1.357473] (ur_description) StdoutLine: {'line': b'-- Installing: /root/ros2_ws/install/ur_description/share/ur_description/config/ur5/physical_parameters.yaml\n'}
[1.357869] (ur_description) StdoutLine: {'line': b'-- Installing: /root/ros2_ws/install/ur_description/share/ur_description/config/ur5/default_kinematics.yaml\n'}
[1.358314] (ur_description) StdoutLine: {'line': b'-- Installing: /root/ros2_ws/install/ur_description/share/ur_description/config/ur5/joint_limits.yaml\n'}
[1.358727] (ur_description) StdoutLine: {'line': b'-- Installing: /root/ros2_ws/install/ur_description/share/ur_description/config/ur5/visual_parameters.yaml\n'}
[1.359039] (ur_description) StdoutLine: {'line': b'-- Installing: /root/ros2_ws/install/ur_description/share/ur_description/config/ur8long\n'}
[1.359219] (ur_description) StdoutLine: {'line': b'-- Installing: /root/ros2_ws/install/ur_description/share/ur_description/config/ur8long/visual_parameters.yaml\n'}
[1.359609] (ur_description) StdoutLine: {'line': b'-- Installing: /root/ros2_ws/install/ur_description/share/ur_description/config/ur8long/physical_parameters.yaml\n'}
[1.360174] (ur_description) StdoutLine: {'line': b'-- Installing: /root/ros2_ws/install/ur_description/share/ur_description/config/ur8long/default_kinematics.yaml\n'}
[1.360679] (ur_description) StdoutLine: {'line': b'-- Installing: /root/ros2_ws/install/ur_description/share/ur_description/config/ur8long/joint_limits.yaml\n'}
[1.360984] (ur_description) StdoutLine: {'line': b'-- Installing: /root/ros2_ws/install/ur_description/share/ur_description/config/ur5e\n'}
[1.361099] (ur_description) StdoutLine: {'line': b'-- Installing: /root/ros2_ws/install/ur_description/share/ur_description/config/ur5e/default_kinematics.yaml\n'}
[1.361503] (ur_description) StdoutLine: {'line': b'-- Installing: /root/ros2_ws/install/ur_description/share/ur_description/config/ur5e/visual_parameters.yaml\n'}
[1.361812] (ur_description) StdoutLine: {'line': b'-- Installing: /root/ros2_ws/install/ur_description/share/ur_description/config/ur5e/joint_limits.yaml\n'}
[1.362261] (ur_description) StdoutLine: {'line': b'-- Installing: /root/ros2_ws/install/ur_description/share/ur_description/config/ur5e/physical_parameters.yaml\n'}
[1.362651] (ur_description) StdoutLine: {'line': b'-- Installing: /root/ros2_ws/install/ur_description/share/ur_description/config/ur10\n'}
[1.362766] (ur_description) StdoutLine: {'line': b'-- Installing: /root/ros2_ws/install/ur_description/share/ur_description/config/ur10/visual_parameters.yaml\n'}
[1.363160] (ur_description) StdoutLine: {'line': b'-- Installing: /root/ros2_ws/install/ur_description/share/ur_description/config/ur10/physical_parameters.yaml\n'}
[1.363619] (ur_description) StdoutLine: {'line': b'-- Installing: /root/ros2_ws/install/ur_description/share/ur_description/config/ur10/default_kinematics.yaml\n'}
[1.364052] (ur_description) StdoutLine: {'line': b'-- Installing: /root/ros2_ws/install/ur_description/share/ur_description/config/ur10/joint_limits.yaml\n'}
[1.364359] (ur_description) StdoutLine: {'line': b'-- Installing: /root/ros2_ws/install/ur_description/share/ur_description/config/initial_positions.yaml\n'}
[1.364557] (ur_description) StdoutLine: {'line': b'-- Installing: /root/ros2_ws/install/ur_description/share/ur_description/config/ur20\n'}
[1.364694] (ur_description) StdoutLine: {'line': b'-- Installing: /root/ros2_ws/install/ur_description/share/ur_description/config/ur20/physical_parameters.yaml\n'}
[1.365032] (ur_description) StdoutLine: {'line': b'-- Installing: /root/ros2_ws/install/ur_description/share/ur_description/config/ur20/visual_parameters.yaml\n'}
[1.365384] (ur_description) StdoutLine: {'line': b'-- Installing: /root/ros2_ws/install/ur_description/share/ur_description/config/ur20/default_kinematics.yaml\n'}
[1.365721] (ur_description) StdoutLine: {'line': b'-- Installing: /root/ros2_ws/install/ur_description/share/ur_description/config/ur20/joint_limits.yaml\n'}
[1.366023] (ur_description) StdoutLine: {'line': b'-- Installing: /root/ros2_ws/install/ur_description/share/ur_description/config/ur10e\n'}
[1.366132] (ur_description) StdoutLine: {'line': b'-- Installing: /root/ros2_ws/install/ur_description/share/ur_description/config/ur10e/joint_limits.yaml\n'}
[1.366519] (ur_description) StdoutLine: {'line': b'-- Installing: /root/ros2_ws/install/ur_description/share/ur_description/config/ur10e/physical_parameters.yaml\n'}
[1.366894] (ur_description) StdoutLine: {'line': b'-- Installing: /root/ros2_ws/install/ur_description/share/ur_description/config/ur10e/default_kinematics.yaml\n'}
[1.367279] (ur_description) StdoutLine: {'line': b'-- Installing: /root/ros2_ws/install/ur_description/share/ur_description/config/ur10e/visual_parameters.yaml\n'}
[1.367727] (ur_description) StdoutLine: {'line': b'-- Installing: /root/ros2_ws/install/ur_description/share/ur_description/config/ur18\n'}
[1.367831] (ur_description) StdoutLine: {'line': b'-- Installing: /root/ros2_ws/install/ur_description/share/ur_description/config/ur18/joint_limits.yaml\n'}
[1.368156] (ur_description) StdoutLine: {'line': b'-- Installing: /root/ros2_ws/install/ur_description/share/ur_description/config/ur18/physical_parameters.yaml\n'}
[1.368494] (ur_description) StdoutLine: {'line': b'-- Installing: /root/ros2_ws/install/ur_description/share/ur_description/config/ur18/visual_parameters.yaml\n'}
[1.368816] (ur_description) StdoutLine: {'line': b'-- Installing: /root/ros2_ws/install/ur_description/share/ur_description/config/ur18/default_kinematics.yaml\n'}
[1.369112] (ur_description) StdoutLine: {'line': b'-- Installing: /root/ros2_ws/install/ur_description/share/ur_description/config/ur15\n'}
[1.369216] (ur_description) StdoutLine: {'line': b'-- Installing: /root/ros2_ws/install/ur_description/share/ur_description/config/ur15/visual_parameters.yaml\n'}
[1.369594] (ur_description) StdoutLine: {'line': b'-- Installing: /root/ros2_ws/install/ur_description/share/ur_description/config/ur15/joint_limits.yaml\n'}
[1.369926] (ur_description) StdoutLine: {'line': b'-- Installing: /root/ros2_ws/install/ur_description/share/ur_description/config/ur15/physical_parameters.yaml\n'}
[1.370242] (ur_description) StdoutLine: {'line': b'-- Installing: /root/ros2_ws/install/ur_description/share/ur_description/config/ur15/default_kinematics.yaml\n'}
[1.370527] (ur_description) StdoutLine: {'line': b'-- Installing: /root/ros2_ws/install/ur_description/share/ur_description/config/ur3\n'}
[1.370616] (ur_description) StdoutLine: {'line': b'-- Installing: /root/ros2_ws/install/ur_description/share/ur_description/config/ur3/visual_parameters.yaml\n'}
[1.370899] (ur_description) StdoutLine: {'line': b'-- Installing: /root/ros2_ws/install/ur_description/share/ur_description/config/ur3/physical_parameters.yaml\n'}
[1.371339] (ur_description) StdoutLine: {'line': b'-- Installing: /root/ros2_ws/install/ur_description/share/ur_description/config/ur3/default_kinematics.yaml\n'}
[1.371561] (ur_description) StdoutLine: {'line': b'-- Installing: /root/ros2_ws/install/ur_description/share/ur_description/config/ur3/joint_limits.yaml\n'}
[1.371853] (ur_description) StdoutLine: {'line': b'-- Installing: /root/ros2_ws/install/ur_description/share/ur_description/config/ur7e\n'}
[1.372026] (ur_description) StdoutLine: {'line': b'-- Installing: /root/ros2_ws/install/ur_description/share/ur_description/config/ur7e/visual_parameters.yaml\n'}
[1.372398] (ur_description) StdoutLine: {'line': b'-- Installing: /root/ros2_ws/install/ur_description/share/ur_description/config/ur7e/default_kinematics.yaml\n'}
[1.372727] (ur_description) StdoutLine: {'line': b'-- Installing: /root/ros2_ws/install/ur_description/share/ur_description/config/ur7e/joint_limits.yaml\n'}
[1.373050] (ur_description) StdoutLine: {'line': b'-- Installing: /root/ros2_ws/install/ur_description/share/ur_description/config/ur7e/physical_parameters.yaml\n'}
[1.373382] (ur_description) StdoutLine: {'line': b'-- Installing: /root/ros2_ws/install/ur_description/share/ur_description/config/ur30\n'}
[1.373522] (ur_description) StdoutLine: {'line': b'-- Installing: /root/ros2_ws/install/ur_description/share/ur_description/config/ur30/physical_parameters.yaml\n'}
[1.373808] (ur_description) StdoutLine: {'line': b'-- Installing: /root/ros2_ws/install/ur_description/share/ur_description/config/ur30/visual_parameters.yaml\n'}
[1.374197] (ur_description) StdoutLine: {'line': b'-- Installing: /root/ros2_ws/install/ur_description/share/ur_description/config/ur30/joint_limits.yaml\n'}
[1.374490] (ur_description) StdoutLine: {'line': b'-- Installing: /root/ros2_ws/install/ur_description/share/ur_description/config/ur30/default_kinematics.yaml\n'}
[1.374768] (ur_description) StdoutLine: {'line': b'-- Installing: /root/ros2_ws/install/ur_description/share/ur_description/config/ur16e\n'}
[1.374856] (ur_description) StdoutLine: {'line': b'-- Installing: /root/ros2_ws/install/ur_description/share/ur_description/config/ur16e/default_kinematics.yaml\n'}
[1.375270] (ur_description) StdoutLine: {'line': b'-- Installing: /root/ros2_ws/install/ur_description/share/ur_description/config/ur16e/visual_parameters.yaml\n'}
[1.375564] (ur_description) StdoutLine: {'line': b'-- Installing: /root/ros2_ws/install/ur_description/share/ur_description/config/ur16e/physical_parameters.yaml\n'}
[1.375839] (ur_description) StdoutLine: {'line': b'-- Installing: /root/ros2_ws/install/ur_description/share/ur_description/config/ur16e/joint_limits.yaml\n'}
[1.376262] (ur_description) StdoutLine: {'line': b'-- Installing: /root/ros2_ws/install/ur_description/share/ur_description/launch\n'}
[1.376405] (ur_description) StdoutLine: {'line': b'-- Installing: /root/ros2_ws/install/ur_description/share/ur_description/launch/view_ur.launch.py\n'}
[1.376651] (ur_description) StdoutLine: {'line': b'-- Installing: /root/ros2_ws/install/ur_description/share/ur_description/launch/view_ur.launch.xml\n'}
[1.377016] (ur_description) StdoutLine: {'line': b'-- Installing: /root/ros2_ws/install/ur_description/share/ur_description/meshes\n'}
[1.377130] (ur_description) StdoutLine: {'line': b'-- Installing: /root/ros2_ws/install/ur_description/share/ur_description/meshes/ur10\n'}
[1.377231] (ur_description) StdoutLine: {'line': b'-- Installing: /root/ros2_ws/install/ur_description/share/ur_description/meshes/ur10/collision\n'}
[1.377312] (ur_description) StdoutLine: {'line': b'-- Installing: /root/ros2_ws/install/ur_description/share/ur_description/meshes/ur10/collision/wrist2.stl\n'}
[1.377785] (ur_description) StdoutLine: {'line': b'-- Installing: /root/ros2_ws/install/ur_description/share/ur_description/meshes/ur10/collision/shoulder.stl\n'}
[1.378316] (ur_description) StdoutLine: {'line': b'-- Installing: /root/ros2_ws/install/ur_description/share/ur_description/meshes/ur10/collision/wrist3.stl\n'}
[1.378675] (ur_description) StdoutLine: {'line': b'-- Installing: /root/ros2_ws/install/ur_description/share/ur_description/meshes/ur10/collision/upperarm.stl\n'}
[1.379339] (ur_description) StdoutLine: {'line': b'-- Installing: /root/ros2_ws/install/ur_description/share/ur_description/meshes/ur10/collision/base.stl\n'}
[1.379744] (ur_description) StdoutLine: {'line': b'-- Installing: /root/ros2_ws/install/ur_description/share/ur_description/meshes/ur10/collision/forearm.stl\n'}
[1.380340] (ur_description) StdoutLine: {'line': b'-- Installing: /root/ros2_ws/install/ur_description/share/ur_description/meshes/ur10/collision/wrist1.stl\n'}
[1.380746] (ur_description) StdoutLine: {'line': b'-- Installing: /root/ros2_ws/install/ur_description/share/ur_description/meshes/ur10/visual\n'}
[1.380836] (ur_description) StdoutLine: {'line': b'-- Installing: /root/ros2_ws/install/ur_description/share/ur_description/meshes/ur10/visual/wrist1.dae\n'}
[1.386234] (ur_description) StdoutLine: {'line': b'-- Installing: /root/ros2_ws/install/ur_description/share/ur_description/meshes/ur10/visual/base.dae\n'}
[1.387885] (ur_description) StdoutLine: {'line': b'-- Installing: /root/ros2_ws/install/ur_description/share/ur_description/meshes/ur10/visual/shoulder.dae\n'}
[1.392900] (ur_description) StdoutLine: {'line': b'-- Installing: /root/ros2_ws/install/ur_description/share/ur_description/meshes/ur10/visual/wrist2.dae\n'}
[1.401204] (-) TimerEvent: {}
[1.401452] (ur_description) StdoutLine: {'line': b'-- Installing: /root/ros2_ws/install/ur_description/share/ur_description/meshes/ur10/visual/forearm.dae\n'}
[1.408848] (ur_description) StdoutLine: {'line': b'-- Installing: /root/ros2_ws/install/ur_description/share/ur_description/meshes/ur10/visual/upperarm.dae\n'}
[1.419402] (ur_description) StdoutLine: {'line': b'-- Installing: /root/ros2_ws/install/ur_description/share/ur_description/meshes/ur10/visual/wrist3.dae\n'}
[1.420681] (ur_description) StdoutLine: {'line': b'-- Installing: /root/ros2_ws/install/ur_description/share/ur_description/meshes/ur5e\n'}
[1.420848] (ur_description) StdoutLine: {'line': b'-- Installing: /root/ros2_ws/install/ur_description/share/ur_description/meshes/ur5e/visual\n'}
[1.420986] (ur_description) StdoutLine: {'line': b'-- Installing: /root/ros2_ws/install/ur_description/share/ur_description/meshes/ur5e/visual/shoulder.dae\n'}
[1.428111] (ur_description) StdoutLine: {'line': b'-- Installing: /root/ros2_ws/install/ur_description/share/ur_description/meshes/ur5e/visual/wrist2.dae\n'}
[1.434438] (ur_description) StdoutLine: {'line': b'-- Installing: /root/ros2_ws/install/ur_description/share/ur_description/meshes/ur5e/visual/forearm.dae\n'}
[1.439044] (ur10e_interfaces) StdoutLine: {'line': b'-- Configuring done\n'}
[1.439450] (ur_description) StdoutLine: {'line': b'-- Installing: /root/ros2_ws/install/ur_description/share/ur_description/meshes/ur5e/visual/wrist3.dae\n'}
[1.440227] (ur_description) StdoutLine: {'line': b'-- Installing: /root/ros2_ws/install/ur_description/share/ur_description/meshes/ur5e/visual/upperarm.dae\n'}
[1.451710] (ur_description) StdoutLine: {'line': b'-- Installing: /root/ros2_ws/install/ur_description/share/ur_description/meshes/ur5e/visual/base.dae\n'}
[1.454287] (ur_description) StdoutLine: {'line': b'-- Installing: /root/ros2_ws/install/ur_description/share/ur_description/meshes/ur5e/visual/wrist1.dae\n'}
[1.460081] (ur_description) StdoutLine: {'line': b'-- Installing: /root/ros2_ws/install/ur_description/share/ur_description/meshes/ur5e/collision\n'}
[1.460344] (ur_description) StdoutLine: {'line': b'-- Installing: /root/ros2_ws/install/ur_description/share/ur_description/meshes/ur5e/collision/wrist1.stl\n'}
[1.461035] (ur_description) StdoutLine: {'line': b'-- Installing: /root/ros2_ws/install/ur_description/share/ur_description/meshes/ur5e/collision/forearm.stl\n'}
[1.461717] (ur_description) StdoutLine: {'line': b'-- Installing: /root/ros2_ws/install/ur_description/share/ur_description/meshes/ur5e/collision/upperarm.stl\n'}
[1.462615] (ur_description) StdoutLine: {'line': b'-- Installing: /root/ros2_ws/install/ur_description/share/ur_description/meshes/ur5e/collision/base.stl\n'}
[1.463121] (ur_description) StdoutLine: {'line': b'-- Installing: /root/ros2_ws/install/ur_description/share/ur_description/meshes/ur5e/collision/wrist3.stl\n'}
[1.463526] (ur_description) StdoutLine: {'line': b'-- Installing: /root/ros2_ws/install/ur_description/share/ur_description/meshes/ur5e/collision/wrist2.stl\n'}
[1.464214] (ur_description) StdoutLine: {'line': b'-- Installing: /root/ros2_ws/install/ur_description/share/ur_description/meshes/ur5e/collision/shoulder.stl\n'}
[1.464858] (ur_description) StdoutLine: {'line': b'-- Installing: /root/ros2_ws/install/ur_description/share/ur_description/meshes/ur3\n'}
[1.465040] (ur_description) StdoutLine: {'line': b'-- Installing: /root/ros2_ws/install/ur_description/share/ur_description/meshes/ur3/collision\n'}
[1.465241] (ur_description) StdoutLine: {'line': b'-- Installing: /root/ros2_ws/install/ur_description/share/ur_description/meshes/ur3/collision/shoulder.stl\n'}
[1.467549] (ur_description) StdoutLine: {'line': b'-- Installing: /root/ros2_ws/install/ur_description/share/ur_description/meshes/ur3/collision/wrist1.stl\n'}
[1.469119] (ur_description) StdoutLine: {'line': b'-- Installing: /root/ros2_ws/install/ur_description/share/ur_description/meshes/ur3/collision/upperarm.stl\n'}
[1.471829] (ur_description) StdoutLine: {'line': b'-- Installing: /root/ros2_ws/install/ur_description/share/ur_description/meshes/ur3/collision/wrist2.stl\n'}
[1.473420] (ur_description) StdoutLine: {'line': b'-- Installing: /root/ros2_ws/install/ur_description/share/ur_description/meshes/ur3/collision/base.stl\n'}
[1.475747] (ur_description) StdoutLine: {'line': b'-- Installing: /root/ros2_ws/install/ur_description/share/ur_description/meshes/ur3/collision/wrist3.stl\n'}
[1.476248] (ur_description) StdoutLine: {'line': b'-- Installing: /root/ros2_ws/install/ur_description/share/ur_description/meshes/ur3/collision/forearm.stl\n'}
[1.478126] (ur_description) StdoutLine: {'line': b'-- Installing: /root/ros2_ws/install/ur_description/share/ur_description/meshes/ur3/visual\n'}
[1.478286] (ur_description) StdoutLine: {'line': b'-- Installing: /root/ros2_ws/install/ur_description/share/ur_description/meshes/ur3/visual/wrist3.dae\n'}
[1.478953] (ur_description) StdoutLine: {'line': b'-- Installing: /root/ros2_ws/install/ur_description/share/ur_description/meshes/ur3/visual/base.dae\n'}
[1.479910] (ur10e_interfaces) StdoutLine: {'line': b'-- Generating done\n'}
[1.482038] (ur_description) StdoutLine: {'line': b'-- Installing: /root/ros2_ws/install/ur_description/share/ur_description/meshes/ur3/visual/upperarm.dae\n'}
[1.489984] (ur_description) StdoutLine: {'line': b'-- Installing: /root/ros2_ws/install/ur_description/share/ur_description/meshes/ur3/visual/wrist2.dae\n'}
[1.492840] (ur10e_interfaces) StdoutLine: {'line': b'-- Build files have been written to: /root/ros2_ws/build/ur10e_interfaces\n'}
[1.493640] (ur_description) StdoutLine: {'line': b'-- Installing: /root/ros2_ws/install/ur_description/share/ur_description/meshes/ur3/visual/shoulder.dae\n'}
[1.499995] (ur10e_interfaces) CommandEnded: {'returncode': 0}
[1.500507] (ur_description) StdoutLine: {'line': b'-- Installing: /root/ros2_ws/install/ur_description/share/ur_description/meshes/ur3/visual/wrist1.dae\n'}
[1.500620] (ur10e_interfaces) JobProgress: {'identifier': 'ur10e_interfaces', 'progress': 'build'}
[1.500798] (ur10e_interfaces) Command: {'cmd': ['/usr/bin/cmake', '--build', '/root/ros2_ws/build/ur10e_interfaces', '--', '-j8', '-l8'], 'cwd': '/root/ros2_ws/build/ur10e_interfaces', 'env': OrderedDict([('HOSTNAME', 'cefd8b24792d'), ('SHLVL', '1'), ('LD_LIBRARY_PATH', '/root/ros2_ws/install/ur10e_interfaces/lib:/opt/ros/humble/opt/rviz_ogre_vendor/lib:/opt/ros/humble/lib/x86_64-linux-gnu:/opt/ros/humble/lib'), ('HOME', '/root'), ('ROS_PYTHON_VERSION', '3'), ('COLCON_PREFIX_PATH', '/root/ros2_ws/install'), ('ROS_DISTRO', 'humble'), ('_', '/usr/bin/colcon'), ('ROS_VERSION', '2'), ('TERM', 'xterm'), ('ROS_LOCALHOST_ONLY', '0'), ('PATH', '/opt/ros/humble/bin:/usr/local/sbin:/usr/local/bin:/usr/sbin:/usr/bin:/sbin:/bin'), ('DISPLAY', ':2'), ('LANG', 'C.UTF-8'), ('LS_COLORS', 'rs=0:di=01;34:ln=01;36:mh=00:pi=40;33:so=01;35:do=01;35:bd=40;33;01:cd=40;33;01:or=40;31;01:mi=00:su=37;41:sg=30;43:ca=30;41:tw=30;42:ow=34;42:st=37;44:ex=01;32:*.tar=01;31:*.tgz=01;31:*.arc=01;31:*.arj=01;31:*.taz=01;31:*.lha=01;31:*.lz4=01;31:*.lzh=01;31:*.lzma=01;31:*.tlz=01;31:*.txz=01;31:*.tzo=01;31:*.t7z=01;31:*.zip=01;31:*.z=01;31:*.dz=01;31:*.gz=01;31:*.lrz=01;31:*.lz=01;31:*.lzo=01;31:*.xz=01;31:*.zst=01;31:*.tzst=01;31:*.bz2=01;31:*.bz=01;31:*.tbz=01;31:*.tbz2=01;31:*.tz=01;31:*.deb=01;31:*.rpm=01;31:*.jar=01;31:*.war=01;31:*.ear=01;31:*.sar=01;31:*.rar=01;31:*.alz=01;31:*.ace=01;31:*.zoo=01;31:*.cpio=01;31:*.7z=01;31:*.rz=01;31:*.cab=01;31:*.wim=01;31:*.swm=01;31:*.dwm=01;31:*.esd=01;31:*.jpg=01;35:*.jpeg=01;35:*.mjpg=01;35:*.mjpeg=01;35:*.gif=01;35:*.bmp=01;35:*.pbm=01;35:*.pgm=01;35:*.ppm=01;35:*.tga=01;35:*.xbm=01;35:*.xpm=01;35:*.tif=01;35:*.tiff=01;35:*.png=01;35:*.svg=01;35:*.svgz=01;35:*.mng=01;35:*.pcx=01;35:*.mov=01;35:*.mpg=01;35:*.mpeg=01;35:*.m2v=01;35:*.mkv=01;35:*.webm=01;35:*.webp=01;35:*.ogm=01;35:*.mp4=01;35:*.m4v=01;35:*.mp4v=01;35:*.vob=01;35:*.qt=01;35:*.nuv=01;35:*.wmv=01;35:*.asf=01;35:*.rm=01;35:*.rmvb=01;35:*.flc=01;35:*.avi=01;35:*.fli=01;35:*.flv=01;35:*.gl=01;35:*.dl=01;35:*.xcf=01;35:*.xwd=01;35:*.yuv=01;35:*.cgm=01;35:*.emf=01;35:*.ogv=01;35:*.ogx=01;35:*.aac=00;36:*.au=00;36:*.flac=00;36:*.m4a=00;36:*.mid=00;36:*.midi=00;36:*.mka=00;36:*.mp3=00;36:*.mpc=00;36:*.ogg=00;36:*.ra=00;36:*.wav=00;36:*.oga=00;36:*.opus=00;36:*.spx=00;36:*.xspf=00;36:'), ('AMENT_PREFIX_PATH', '/root/ros2_ws/install/ur_description:/root/ros2_ws/install/ur10e_trajectory_pkg:/root/ros2_ws/install/ur10e_interfaces:/root/ros2_ws/install/package1:/opt/ros/humble'), ('PWD', '/root/ros2_ws/build/ur10e_interfaces'), ('LC_ALL', 'C.UTF-8'), ('PYTHONPATH', '/root/ros2_ws/install/ur10e_trajectory_pkg/lib/python3.10/site-packages:/root/ros2_ws/install/ur10e_interfaces/local/lib/python3.10/dist-packages:/root/ros2_ws/install/package1/lib/python3.10/site-packages:/opt/ros/humble/lib/python3.10/site-packages:/opt/ros/humble/local/lib/python3.10/dist-packages'), ('COLCON', '1'), ('CMAKE_PREFIX_PATH', '/root/ros2_ws/install/ur_description:/root/ros2_ws/install/ur10e_interfaces:/root/ros2_ws/install/ur10e_trajectory_pkg:/root/ros2_ws/install/package1:/opt/ros/humble')]), 'shell': False}
[1.501897] (-) TimerEvent: {}
[1.503842] (ur_description) StdoutLine: {'line': b'-- Installing: /root/ros2_ws/install/ur_description/share/ur_description/meshes/ur3/visual/forearm.dae\n'}
[1.508080] (ur_description) StdoutLine: {'line': b'-- Installing: /root/ros2_ws/install/ur_description/share/ur_description/meshes/ur3e\n'}
[1.508328] (ur_description) StdoutLine: {'line': b'-- Installing: /root/ros2_ws/install/ur_description/share/ur_description/meshes/ur3e/collision\n'}
[1.508430] (ur_description) StdoutLine: {'line': b'-- Installing: /root/ros2_ws/install/ur_description/share/ur_description/meshes/ur3e/collision/wrist1.stl\n'}
[1.508986] (ur_description) StdoutLine: {'line': b'-- Installing: /root/ros2_ws/install/ur_description/share/ur_description/meshes/ur3e/collision/shoulder.stl\n'}
[1.509843] (ur_description) StdoutLine: {'line': b'-- Installing: /root/ros2_ws/install/ur_description/share/ur_description/meshes/ur3e/collision/base.stl\n'}
[1.510405] (ur_description) StdoutLine: {'line': b'-- Installing: /root/ros2_ws/install/ur_description/share/ur_description/meshes/ur3e/collision/wrist2.stl\n'}
[1.511154] (ur_description) StdoutLine: {'line': b'-- Installing: /root/ros2_ws/install/ur_description/share/ur_description/meshes/ur3e/collision/upperarm.stl\n'}
[1.512141] (ur_description) StdoutLine: {'line': b'-- Installing: /root/ros2_ws/install/ur_description/share/ur_description/meshes/ur3e/collision/forearm.stl\n'}
[1.512591] (ur_description) StdoutLine: {'line': b'-- Installing: /root/ros2_ws/install/ur_description/share/ur_description/meshes/ur3e/collision/wrist3.stl\n'}
[1.512959] (ur_description) StdoutLine: {'line': b'-- Installing: /root/ros2_ws/install/ur_description/share/ur_description/meshes/ur3e/visual\n'}
[1.513199] (ur_description) StdoutLine: {'line': b'-- Installing: /root/ros2_ws/install/ur_description/share/ur_description/meshes/ur3e/visual/wrist1.dae\n'}
[1.518791] (ur_description) StdoutLine: {'line': b'-- Installing: /root/ros2_ws/install/ur_description/share/ur_description/meshes/ur3e/visual/shoulder.dae\n'}
[1.526578] (ur_description) StdoutLine: {'line': b'-- Installing: /root/ros2_ws/install/ur_description/share/ur_description/meshes/ur3e/visual/wrist3.dae\n'}
[1.527360] (ur_description) StdoutLine: {'line': b'-- Installing: /root/ros2_ws/install/ur_description/share/ur_description/meshes/ur3e/visual/base.dae\n'}
[1.529326] (ur_description) StdoutLine: {'line': b'-- Installing: /root/ros2_ws/install/ur_description/share/ur_description/meshes/ur3e/visual/wrist2.dae\n'}
[1.539538] (ur_description) StdoutLine: {'line': b'-- Installing: /root/ros2_ws/install/ur_description/share/ur_description/meshes/ur3e/visual/forearm.dae\n'}
[1.540036] (ur10e_interfaces) StdoutLine: {'line': b'[  3%] \x1b[34m\x1b[1mGenerating C code for ROS interfaces\x1b[0m\n'}
[1.545382] (ur_description) StdoutLine: {'line': b'-- Installing: /root/ros2_ws/install/ur_description/share/ur_description/meshes/ur3e/visual/upperarm.dae\n'}
[1.549777] (ur10e_interfaces) StdoutLine: {'line': b'[  6%] \x1b[34m\x1b[1mGenerating Rust code for ROS interfaces\x1b[0m\n'}
[1.556339] (ur10e_interfaces) StdoutLine: {'line': b'[  9%] \x1b[34m\x1b[1mGenerating C++ code for ROS interfaces\x1b[0m\n'}
[1.560650] (ur_description) StdoutLine: {'line': b'-- Installing: /root/ros2_ws/install/ur_description/share/ur_description/meshes/ur30\n'}
[1.561124] (ur_description) StdoutLine: {'line': b'-- Installing: /root/ros2_ws/install/ur_description/share/ur_description/meshes/ur30/collision\n'}
[1.561246] (ur_description) StdoutLine: {'line': b'-- Installing: /root/ros2_ws/install/ur_description/share/ur_description/meshes/ur30/collision/upperarm.stl\n'}
[1.562281] (ur10e_interfaces) StdoutLine: {'line': b'[  9%] Built target ament_cmake_python_copy_ur10e_interfaces\n'}
[1.562576] (ur_description) StdoutLine: {'line': b'-- Installing: /root/ros2_ws/install/ur_description/share/ur_description/meshes/ur30/collision/forearm.stl\n'}
[1.564158] (ur_description) StdoutLine: {'line': b'-- Installing: /root/ros2_ws/install/ur_description/share/ur_description/meshes/ur30/visual\n'}
[1.564320] (ur_description) StdoutLine: {'line': b'-- Installing: /root/ros2_ws/install/ur_description/share/ur_description/meshes/ur30/visual/forearm.dae\n'}
[1.568284] (ur_description) StdoutLine: {'line': b'-- Installing: /root/ros2_ws/install/ur_description/share/ur_description/meshes/ur30/visual/UR30_DIFF_8bit_2K.png\n'}
[1.573344] (ur_description) StdoutLine: {'line': b'-- Installing: /root/ros2_ws/install/ur_description/share/ur_description/meshes/ur30/visual/upperarm.dae\n'}
[1.577264] (ur_description) StdoutLine: {'line': b'-- Installing: /root/ros2_ws/install/ur_description/share/ur_description/meshes/ur30/LICENSE.txt\n'}
[1.577788] (ur_description) StdoutLine: {'line': b'-- Installing: /root/ros2_ws/install/ur_description/share/ur_description/meshes/ur16e\n'}
[1.578169] (ur_description) StdoutLine: {'line': b'-- Installing: /root/ros2_ws/install/ur_description/share/ur_description/meshes/ur16e/visual\n'}
[1.578283] (ur_description) StdoutLine: {'line': b'-- Installing: /root/ros2_ws/install/ur_description/share/ur_description/meshes/ur16e/visual/forearm.dae\n'}
[1.584060] (ur_description) StdoutLine: {'line': b'-- Installing: /root/ros2_ws/install/ur_description/share/ur_description/meshes/ur16e/visual/upperarm.dae\n'}
[1.595793] (ur_description) StdoutLine: {'line': b'-- Installing: /root/ros2_ws/install/ur_description/share/ur_description/meshes/ur16e/collision\n'}
[1.596131] (ur_description) StdoutLine: {'line': b'-- Installing: /root/ros2_ws/install/ur_description/share/ur_description/meshes/ur16e/collision/forearm.stl\n'}
[1.596972] (ur_description) StdoutLine: {'line': b'-- Installing: /root/ros2_ws/install/ur_description/share/ur_description/meshes/ur16e/collision/upperarm.stl\n'}
[1.598634] (ur_description) StdoutLine: {'line': b'-- Installing: /root/ros2_ws/install/ur_description/share/ur_description/meshes/ur8long\n'}
[1.598780] (ur_description) StdoutLine: {'line': b'-- Installing: /root/ros2_ws/install/ur_description/share/ur_description/meshes/ur8long/visual\n'}
[1.599112] (ur_description) StdoutLine: {'line': b'-- Installing: /root/ros2_ws/install/ur_description/share/ur_description/meshes/ur8long/visual/upperarm.dae\n'}
[1.601746] (ur_description) StdoutLine: {'line': b'-- Installing: /root/ros2_ws/install/ur_description/share/ur_description/meshes/ur8long/visual/UR8Long_DIFF_8bit_2K.jpg\n'}
[1.601901] (-) TimerEvent: {}
[1.613251] (ur_description) StdoutLine: {'line': b'-- Installing: /root/ros2_ws/install/ur_description/share/ur_description/meshes/ur8long/visual/forearm.dae\n'}
[1.620364] (ur_description) StdoutLine: {'line': b'-- Installing: /root/ros2_ws/install/ur_description/share/ur_description/meshes/ur8long/LICENSE.txt\n'}
[1.620774] (ur_description) StdoutLine: {'line': b'-- Installing: /root/ros2_ws/install/ur_description/share/ur_description/meshes/ur8long/collision\n'}
[1.620980] (ur_description) StdoutLine: {'line': b'-- Installing: /root/ros2_ws/install/ur_description/share/ur_description/meshes/ur8long/collision/forearm.stl\n'}
[1.621583] (ur_description) StdoutLine: {'line': b'-- Installing: /root/ros2_ws/install/ur_description/share/ur_description/meshes/ur8long/collision/upperarm.stl\n'}
[1.623386] (ur_description) StdoutLine: {'line': b'-- Installing: /root/ros2_ws/install/ur_description/share/ur_description/meshes/ur10e\n'}
[1.623547] (ur_description) StdoutLine: {'line': b'-- Installing: /root/ros2_ws/install/ur_description/share/ur_description/meshes/ur10e/visual\n'}
[1.623664] (ur_description) StdoutLine: {'line': b'-- Installing: /root/ros2_ws/install/ur_description/share/ur_description/meshes/ur10e/visual/upperarm.dae\n'}
[1.640435] (ur_description) StdoutLine: {'line': b'-- Installing: /root/ros2_ws/install/ur_description/share/ur_description/meshes/ur10e/visual/wrist3.dae\n'}
[1.641907] (ur_description) StdoutLine: {'line': b'-- Installing: /root/ros2_ws/install/ur_description/share/ur_description/meshes/ur10e/visual/wrist2.dae\n'}
[1.650223] (ur_description) StdoutLine: {'line': b'-- Installing: /root/ros2_ws/install/ur_description/share/ur_description/meshes/ur10e/visual/forearm.dae\n'}
[1.655950] (ur_description) StdoutLine: {'line': b'-- Installing: /root/ros2_ws/install/ur_description/share/ur_description/meshes/ur10e/visual/wrist1.dae\n'}
[1.661657] (ur_description) StdoutLine: {'line': b'-- Installing: /root/ros2_ws/install/ur_description/share/ur_description/meshes/ur10e/visual/shoulder.dae\n'}
[1.670865] (ur_description) StdoutLine: {'line': b'-- Installing: /root/ros2_ws/install/ur_description/share/ur_description/meshes/ur10e/visual/base.dae\n'}
[1.675855] (ur_description) StdoutLine: {'line': b'-- Installing: /root/ros2_ws/install/ur_description/share/ur_description/meshes/ur10e/collision\n'}
[1.676071] (ur_description) StdoutLine: {'line': b'-- Installing: /root/ros2_ws/install/ur_description/share/ur_description/meshes/ur10e/collision/upperarm.stl\n'}
[1.676770] (ur_description) StdoutLine: {'line': b'-- Installing: /root/ros2_ws/install/ur_description/share/ur_description/meshes/ur10e/collision/forearm.stl\n'}
[1.677455] (ur_description) StdoutLine: {'line': b'-- Installing: /root/ros2_ws/install/ur_description/share/ur_description/meshes/ur10e/collision/wrist1.stl\n'}
[1.678074] (ur_description) StdoutLine: {'line': b'-- Installing: /root/ros2_ws/install/ur_description/share/ur_description/meshes/ur10e/collision/shoulder.stl\n'}
[1.679476] (ur_description) StdoutLine: {'line': b'-- Installing: /root/ros2_ws/install/ur_description/share/ur_description/meshes/ur10e/collision/wrist2.stl\n'}
[1.679583] (ur_description) StdoutLine: {'line': b'-- Installing: /root/ros2_ws/install/ur_description/share/ur_description/meshes/ur10e/collision/base.stl\n'}
[1.679857] (ur_description) StdoutLine: {'line': b'-- Installing: /root/ros2_ws/install/ur_description/share/ur_description/meshes/ur10e/collision/wrist3.stl\n'}
[1.680339] (ur_description) StdoutLine: {'line': b'-- Installing: /root/ros2_ws/install/ur_description/share/ur_description/meshes/ur18\n'}
[1.680466] (ur_description) StdoutLine: {'line': b'-- Installing: /root/ros2_ws/install/ur_description/share/ur_description/meshes/ur18/collision\n'}
[1.680569] (ur_description) StdoutLine: {'line': b'-- Installing: /root/ros2_ws/install/ur_description/share/ur_description/meshes/ur18/collision/forearm.stl\n'}
[1.681260] (ur_description) StdoutLine: {'line': b'-- Installing: /root/ros2_ws/install/ur_description/share/ur_description/meshes/ur18/collision/upperarm.stl\n'}
[1.681934] (ur_description) StdoutLine: {'line': b'-- Installing: /root/ros2_ws/install/ur_description/share/ur_description/meshes/ur18/LICENSE.txt\n'}
[1.682406] (ur_description) StdoutLine: {'line': b'-- Installing: /root/ros2_ws/install/ur_description/share/ur_description/meshes/ur18/visual\n'}
[1.682539] (ur_description) StdoutLine: {'line': b'-- Installing: /root/ros2_ws/install/ur_description/share/ur_description/meshes/ur18/visual/forearm.dae\n'}
[1.685001] (ur_description) StdoutLine: {'line': b'-- Installing: /root/ros2_ws/install/ur_description/share/ur_description/meshes/ur18/visual/UR18_DIFF_8bit_2K.jpg\n'}
[1.687217] (ur_description) StdoutLine: {'line': b'-- Installing: /root/ros2_ws/install/ur_description/share/ur_description/meshes/ur18/visual/upperarm.dae\n'}
[1.689678] (ur_description) StdoutLine: {'line': b'-- Installing: /root/ros2_ws/install/ur_description/share/ur_description/meshes/ur5\n'}
[1.689807] (ur_description) StdoutLine: {'line': b'-- Installing: /root/ros2_ws/install/ur_description/share/ur_description/meshes/ur5/collision\n'}
[1.689926] (ur_description) StdoutLine: {'line': b'-- Installing: /root/ros2_ws/install/ur_description/share/ur_description/meshes/ur5/collision/wrist1.stl\n'}
[1.690414] (ur_description) StdoutLine: {'line': b'-- Installing: /root/ros2_ws/install/ur_description/share/ur_description/meshes/ur5/collision/forearm.stl\n'}
[1.691001] (ur_description) StdoutLine: {'line': b'-- Installing: /root/ros2_ws/install/ur_description/share/ur_description/meshes/ur5/collision/base.stl\n'}
[1.693096] (ur_description) StdoutLine: {'line': b'-- Installing: /root/ros2_ws/install/ur_description/share/ur_description/meshes/ur5/collision/shoulder.stl\n'}
[1.693234] (ur_description) StdoutLine: {'line': b'-- Installing: /root/ros2_ws/install/ur_description/share/ur_description/meshes/ur5/collision/wrist3.stl\n'}
[1.693357] (ur_description) StdoutLine: {'line': b'-- Installing: /root/ros2_ws/install/ur_description/share/ur_description/meshes/ur5/collision/upperarm.stl\n'}
[1.693435] (ur_description) StdoutLine: {'line': b'-- Installing: /root/ros2_ws/install/ur_description/share/ur_description/meshes/ur5/collision/wrist2.stl\n'}
[1.694698] (ur_description) StdoutLine: {'line': b'-- Installing: /root/ros2_ws/install/ur_description/share/ur_description/meshes/ur5/visual\n'}
[1.694835] (ur_description) StdoutLine: {'line': b'-- Installing: /root/ros2_ws/install/ur_description/share/ur_description/meshes/ur5/visual/base.dae\n'}
[1.696911] (ur_description) StdoutLine: {'line': b'-- Installing: /root/ros2_ws/install/ur_description/share/ur_description/meshes/ur5/visual/shoulder.dae\n'}
[1.700163] (ur_description) StdoutLine: {'line': b'-- Installing: /root/ros2_ws/install/ur_description/share/ur_description/meshes/ur5/visual/wrist1.dae\n'}
[1.701932] (-) TimerEvent: {}
[1.704303] (ur_description) StdoutLine: {'line': b'-- Installing: /root/ros2_ws/install/ur_description/share/ur_description/meshes/ur5/visual/forearm.dae\n'}
[1.710029] (ur_description) StdoutLine: {'line': b'-- Installing: /root/ros2_ws/install/ur_description/share/ur_description/meshes/ur5/visual/upperarm.dae\n'}
[1.717694] (ur_description) StdoutLine: {'line': b'-- Installing: /root/ros2_ws/install/ur_description/share/ur_description/meshes/ur5/visual/wrist2.dae\n'}
[1.721899] (ur_description) StdoutLine: {'line': b'-- Installing: /root/ros2_ws/install/ur_description/share/ur_description/meshes/ur5/visual/wrist3.dae\n'}
[1.723083] (ur_description) StdoutLine: {'line': b'-- Installing: /root/ros2_ws/install/ur_description/share/ur_description/meshes/ur20\n'}
[1.723203] (ur_description) StdoutLine: {'line': b'-- Installing: /root/ros2_ws/install/ur_description/share/ur_description/meshes/ur20/visual\n'}
[1.723315] (ur_description) StdoutLine: {'line': b'-- Installing: /root/ros2_ws/install/ur_description/share/ur_description/meshes/ur20/visual/UR20_DIFF_8bit_2K.png\n'}
[1.727800] (ur_description) StdoutLine: {'line': b'-- Installing: /root/ros2_ws/install/ur_description/share/ur_description/meshes/ur20/visual/base.dae\n'}
[1.730759] (ur_description) StdoutLine: {'line': b'-- Installing: /root/ros2_ws/install/ur_description/share/ur_description/meshes/ur20/visual/wrist1.dae\n'}
[1.733100] (ur_description) StdoutLine: {'line': b'-- Installing: /root/ros2_ws/install/ur_description/share/ur_description/meshes/ur20/visual/shoulder.dae\n'}
[1.734917] (ur_description) StdoutLine: {'line': b'-- Installing: /root/ros2_ws/install/ur_description/share/ur_description/meshes/ur20/visual/forearm.dae\n'}
[1.738421] (ur_description) StdoutLine: {'line': b'-- Installing: /root/ros2_ws/install/ur_description/share/ur_description/meshes/ur20/visual/wrist2.dae\n'}
[1.740172] (ur_description) StdoutLine: {'line': b'-- Installing: /root/ros2_ws/install/ur_description/share/ur_description/meshes/ur20/visual/upperarm.dae\n'}
[1.743523] (ur_description) StdoutLine: {'line': b'-- Installing: /root/ros2_ws/install/ur_description/share/ur_description/meshes/ur20/visual/wrist3.dae\n'}
[1.745779] (ur_description) StdoutLine: {'line': b'-- Installing: /root/ros2_ws/install/ur_description/share/ur_description/meshes/ur20/collision\n'}
[1.745927] (ur_description) StdoutLine: {'line': b'-- Installing: /root/ros2_ws/install/ur_description/share/ur_description/meshes/ur20/collision/wrist1.stl\n'}
[1.746488] (ur_description) StdoutLine: {'line': b'-- Installing: /root/ros2_ws/install/ur_description/share/ur_description/meshes/ur20/collision/upperarm.stl\n'}
[1.747405] (ur_description) StdoutLine: {'line': b'-- Installing: /root/ros2_ws/install/ur_description/share/ur_description/meshes/ur20/collision/forearm.stl\n'}
[1.748357] (ur_description) StdoutLine: {'line': b'-- Installing: /root/ros2_ws/install/ur_description/share/ur_description/meshes/ur20/collision/base.stl\n'}
[1.748891] (ur_description) StdoutLine: {'line': b'-- Installing: /root/ros2_ws/install/ur_description/share/ur_description/meshes/ur20/collision/wrist2.stl\n'}
[1.749498] (ur_description) StdoutLine: {'line': b'-- Installing: /root/ros2_ws/install/ur_description/share/ur_description/meshes/ur20/collision/shoulder.stl\n'}
[1.749994] (ur_description) StdoutLine: {'line': b'-- Installing: /root/ros2_ws/install/ur_description/share/ur_description/meshes/ur20/collision/wrist3.stl\n'}
[1.750457] (ur_description) StdoutLine: {'line': b'-- Installing: /root/ros2_ws/install/ur_description/share/ur_description/meshes/ur20/LICENSE.txt\n'}
[1.750915] (ur_description) StdoutLine: {'line': b'-- Installing: /root/ros2_ws/install/ur_description/share/ur_description/meshes/ur15\n'}
[1.751160] (ur_description) StdoutLine: {'line': b'-- Installing: /root/ros2_ws/install/ur_description/share/ur_description/meshes/ur15/visual\n'}
[1.751296] (ur_description) StdoutLine: {'line': b'-- Installing: /root/ros2_ws/install/ur_description/share/ur_description/meshes/ur15/visual/wrist1.dae\n'}
[1.752752] (ur_description) StdoutLine: {'line': b'-- Installing: /root/ros2_ws/install/ur_description/share/ur_description/meshes/ur15/visual/forearm.dae\n'}
[1.755252] (ur_description) StdoutLine: {'line': b'-- Installing: /root/ros2_ws/install/ur_description/share/ur_description/meshes/ur15/visual/upperarm.dae\n'}
[1.757780] (ur_description) StdoutLine: {'line': b'-- Installing: /root/ros2_ws/install/ur_description/share/ur_description/meshes/ur15/visual/wrist3.dae\n'}
[1.759982] (ur_description) StdoutLine: {'line': b'-- Installing: /root/ros2_ws/install/ur_description/share/ur_description/meshes/ur15/visual/UR15_DIFF_8bit_2K.jpg\n'}
[1.762296] (ur_description) StdoutLine: {'line': b'-- Installing: /root/ros2_ws/install/ur_description/share/ur_description/meshes/ur15/visual/shoulder.dae\n'}
[1.763976] (ur_description) StdoutLine: {'line': b'-- Installing: /root/ros2_ws/install/ur_description/share/ur_description/meshes/ur15/visual/base.dae\n'}
[1.769036] (ur_description) StdoutLine: {'line': b'-- Installing: /root/ros2_ws/install/ur_description/share/ur_description/meshes/ur15/visual/wrist2.dae\n'}
[1.770950] (ur_description) StdoutLine: {'line': b'-- Installing: /root/ros2_ws/install/ur_description/share/ur_description/meshes/ur15/LICENSE.txt\n'}
[1.771510] (ur_description) StdoutLine: {'line': b'-- Installing: /root/ros2_ws/install/ur_description/share/ur_description/meshes/ur15/collision\n'}
[1.771704] (ur_description) StdoutLine: {'line': b'-- Installing: /root/ros2_ws/install/ur_description/share/ur_description/meshes/ur15/collision/wrist2.stl\n'}
[1.772158] (ur_description) StdoutLine: {'line': b'-- Installing: /root/ros2_ws/install/ur_description/share/ur_description/meshes/ur15/collision/upperarm.stl\n'}
[1.772880] (ur_description) StdoutLine: {'line': b'-- Installing: /root/ros2_ws/install/ur_description/share/ur_description/meshes/ur15/collision/wrist3.stl\n'}
[1.773538] (ur_description) StdoutLine: {'line': b'-- Installing: /root/ros2_ws/install/ur_description/share/ur_description/meshes/ur15/collision/base.stl\n'}
[1.773997] (ur_description) StdoutLine: {'line': b'-- Installing: /root/ros2_ws/install/ur_description/share/ur_description/meshes/ur15/collision/shoulder.stl\n'}
[1.774565] (ur_description) StdoutLine: {'line': b'-- Installing: /root/ros2_ws/install/ur_description/share/ur_description/meshes/ur15/collision/wrist1.stl\n'}
[1.775117] (ur_description) StdoutLine: {'line': b'-- Installing: /root/ros2_ws/install/ur_description/share/ur_description/meshes/ur15/collision/forearm.stl\n'}
[1.775788] (ur_description) StdoutLine: {'line': b'-- Installing: /root/ros2_ws/install/ur_description/share/ur_description/rviz\n'}
[1.775936] (ur_description) StdoutLine: {'line': b'-- Installing: /root/ros2_ws/install/ur_description/share/ur_description/rviz/view_robot.rviz\n'}
[1.776345] (ur_description) StdoutLine: {'line': b'-- Installing: /root/ros2_ws/install/ur_description/share/ur_description/urdf\n'}
[1.776501] (ur_description) StdoutLine: {'line': b'-- Installing: /root/ros2_ws/install/ur_description/share/ur_description/urdf/ur_macro.xacro\n'}
[1.777102] (ur_description) StdoutLine: {'line': b'-- Installing: /root/ros2_ws/install/ur_description/share/ur_description/urdf/inc\n'}
[1.777264] (ur_description) StdoutLine: {'line': b'-- Installing: /root/ros2_ws/install/ur_description/share/ur_description/urdf/inc/ur_transmissions.xacro\n'}
[1.777720] (ur_description) StdoutLine: {'line': b'-- Installing: /root/ros2_ws/install/ur_description/share/ur_description/urdf/inc/ur_common.xacro\n'}
[1.778284] (ur_description) StdoutLine: {'line': b'-- Installing: /root/ros2_ws/install/ur_description/share/ur_description/urdf/ur.urdf.xacro\n'}
[1.778772] (ur_description) StdoutLine: {'line': b'-- Installing: /root/ros2_ws/install/ur_description/share/ur_description/urdf/ur.ros2_control.xacro\n'}
[1.779343] (ur_description) StdoutLine: {'line': b'-- Installing: /root/ros2_ws/install/ur_description/share/ur_description/test\n'}
[1.779500] (ur_description) StdoutLine: {'line': b'-- Installing: /root/ros2_ws/install/ur_description/share/ur_description/test/test_ur_urdf_xacro.py\n'}
[1.779896] (ur_description) StdoutLine: {'line': b'-- Installing: /root/ros2_ws/install/ur_description/share/ur_description/test/test_view_ur_launch.py\n'}
[1.780556] (ur_description) StdoutLine: {'line': b'-- Installing: /root/ros2_ws/install/ur_description/share/ament_index/resource_index/package_run_dependencies/ur_description\n'}
[1.780884] (ur_description) StdoutLine: {'line': b'-- Installing: /root/ros2_ws/install/ur_description/share/ament_index/resource_index/parent_prefix_path/ur_description\n'}
[1.781277] (ur_description) StdoutLine: {'line': b'-- Installing: /root/ros2_ws/install/ur_description/share/ur_description/environment/ament_prefix_path.sh\n'}
[1.781583] (ur_description) StdoutLine: {'line': b'-- Installing: /root/ros2_ws/install/ur_description/share/ur_description/environment/ament_prefix_path.dsv\n'}
[1.781846] (ur_description) StdoutLine: {'line': b'-- Installing: /root/ros2_ws/install/ur_description/share/ur_description/environment/path.sh\n'}
[1.782198] (ur_description) StdoutLine: {'line': b'-- Installing: /root/ros2_ws/install/ur_description/share/ur_description/environment/path.dsv\n'}
[1.782479] (ur_description) StdoutLine: {'line': b'-- Installing: /root/ros2_ws/install/ur_description/share/ur_description/local_setup.bash\n'}
[1.782714] (ur_description) StdoutLine: {'line': b'-- Installing: /root/ros2_ws/install/ur_description/share/ur_description/local_setup.sh\n'}
[1.783086] (ur_description) StdoutLine: {'line': b'-- Installing: /root/ros2_ws/install/ur_description/share/ur_description/local_setup.zsh\n'}
[1.783381] (ur_description) StdoutLine: {'line': b'-- Installing: /root/ros2_ws/install/ur_description/share/ur_description/local_setup.dsv\n'}
[1.783669] (ur_description) StdoutLine: {'line': b'-- Installing: /root/ros2_ws/install/ur_description/share/ur_description/package.dsv\n'}
[1.783996] (ur_description) StdoutLine: {'line': b'-- Installing: /root/ros2_ws/install/ur_description/share/ament_index/resource_index/packages/ur_description\n'}
[1.784289] (ur_description) StdoutLine: {'line': b'-- Installing: /root/ros2_ws/install/ur_description/share/ur_description/cmake/ur_descriptionConfig.cmake\n'}
[1.784565] (ur_description) StdoutLine: {'line': b'-- Installing: /root/ros2_ws/install/ur_description/share/ur_description/cmake/ur_descriptionConfig-version.cmake\n'}
[1.784828] (ur_description) StdoutLine: {'line': b'-- Installing: /root/ros2_ws/install/ur_description/share/ur_description/package.xml\n'}
[1.787502] (ur_description) CommandEnded: {'returncode': 0}
[1.800155] (ur_description) JobEnded: {'identifier': 'ur_description', 'rc': 0}
[1.803134] (-) TimerEvent: {}
[1.809913] (ur10e_interfaces) StdoutLine: {'line': b'running egg_info\n'}
[1.810512] (ur10e_interfaces) StdoutLine: {'line': b'creating ur10e_interfaces.egg-info\n'}
[1.810746] (ur10e_interfaces) StdoutLine: {'line': b'writing ur10e_interfaces.egg-info/PKG-INFO\n'}
[1.811019] (ur10e_interfaces) StdoutLine: {'line': b'writing dependency_links to ur10e_interfaces.egg-info/dependency_links.txt\n'}
[1.811273] (ur10e_interfaces) StdoutLine: {'line': b'writing top-level names to ur10e_interfaces.egg-info/top_level.txt\n'}
[1.811506] (ur10e_interfaces) StdoutLine: {'line': b"writing manifest file 'ur10e_interfaces.egg-info/SOURCES.txt'\n"}
[1.814264] (ur10e_interfaces) StdoutLine: {'line': b"reading manifest file 'ur10e_interfaces.egg-info/SOURCES.txt'\n"}
[1.814497] (ur10e_interfaces) StdoutLine: {'line': b"writing manifest file 'ur10e_interfaces.egg-info/SOURCES.txt'\n"}
[1.821406] (ur10e_interfaces) StdoutLine: {'line': b'[  9%] Built target ur10e_interfaces__rs\n'}
[1.838253] (ur10e_interfaces) StdoutLine: {'line': b'[ 12%] \x1b[32mBuilding C object CMakeFiles/ur10e_interfaces__rosidl_generator_c.dir/rosidl_generator_c/ur10e_interfaces/srv/detail/validate_trajectory__functions.c.o\x1b[0m\n'}
[1.840972] (ur10e_interfaces) StdoutLine: {'line': b'[ 12%] Built target ament_cmake_python_build_ur10e_interfaces_egg\n'}
[1.842839] (ur10e_interfaces) StdoutLine: {'line': b'[ 12%] Built target ur10e_interfaces__cpp\n'}
[1.852209] (ur10e_interfaces) StdoutLine: {'line': b'[ 21%] \x1b[34m\x1b[1mGenerating C++ introspection for ROS interfaces\x1b[0m\n'}
[1.852369] (ur10e_interfaces) StdoutLine: {'line': b'[ 21%] \x1b[34m\x1b[1mGenerating C++ type support dispatch for ROS interfaces\x1b[0m\n'}
[1.852462] (ur10e_interfaces) StdoutLine: {'line': b'[ 21%] \x1b[34m\x1b[1mGenerating C++ type support for eProsima Fast-RTPS\x1b[0m\n'}
[1.899548] (ur10e_interfaces) StdoutLine: {'line': b'[ 25%] \x1b[32m\x1b[1mLinking C shared library libur10e_interfaces__rosidl_generator_c.so\x1b[0m\n'}
[1.903212] (-) TimerEvent: {}
[1.934711] (ur10e_interfaces) StdoutLine: {'line': b'[ 25%] Built target ur10e_interfaces__rosidl_generator_c\n'}
[1.945322] (ur10e_interfaces) StdoutLine: {'line': b'[ 34%] \x1b[34m\x1b[1mGenerating C type support for eProsima Fast-RTPS\x1b[0m\n'}
[1.945495] (ur10e_interfaces) StdoutLine: {'line': b'[ 34%] \x1b[34m\x1b[1mGenerating C introspection for ROS interfaces\x1b[0m\n'}
[1.945619] (ur10e_interfaces) StdoutLine: {'line': b'[ 34%] \x1b[34m\x1b[1mGenerating C type support dispatch for ROS interfaces\x1b[0m\n'}
[2.003913] (-) TimerEvent: {}
[2.089110] (ur10e_interfaces) StdoutLine: {'line': b'[ 37%] \x1b[32mBuilding CXX object CMakeFiles/ur10e_interfaces__rosidl_typesupport_cpp.dir/rosidl_typesupport_cpp/ur10e_interfaces/srv/validate_trajectory__type_support.cpp.o\x1b[0m\n'}
[2.103997] (-) TimerEvent: {}
[2.116754] (ur10e_interfaces) StdoutLine: {'line': b'[ 40%] \x1b[32mBuilding CXX object CMakeFiles/ur10e_interfaces__rosidl_typesupport_introspection_cpp.dir/rosidl_typesupport_introspection_cpp/ur10e_interfaces/srv/detail/validate_trajectory__type_support.cpp.o\x1b[0m\n'}
[2.127715] (ur10e_interfaces) StdoutLine: {'line': b'[ 43%] \x1b[32mBuilding CXX object CMakeFiles/ur10e_interfaces__rosidl_typesupport_fastrtps_cpp.dir/rosidl_typesupport_fastrtps_cpp/ur10e_interfaces/srv/detail/dds_fastrtps/validate_trajectory__type_support.cpp.o\x1b[0m\n'}
[2.186281] (ur10e_interfaces) StdoutLine: {'line': b'[ 46%] \x1b[32mBuilding CXX object CMakeFiles/ur10e_interfaces__rosidl_typesupport_c.dir/rosidl_typesupport_c/ur10e_interfaces/srv/validate_trajectory__type_support.cpp.o\x1b[0m\n'}
[2.205001] (-) TimerEvent: {}
[2.207742] (ur10e_interfaces) StdoutLine: {'line': b'[ 50%] \x1b[32mBuilding C object CMakeFiles/ur10e_interfaces__rosidl_typesupport_introspection_c.dir/rosidl_typesupport_introspection_c/ur10e_interfaces/srv/detail/validate_trajectory__type_support.c.o\x1b[0m\n'}
[2.218198] (ur10e_interfaces) StdoutLine: {'line': b'[ 53%] \x1b[32mBuilding CXX object CMakeFiles/ur10e_interfaces__rosidl_typesupport_fastrtps_c.dir/rosidl_typesupport_fastrtps_c/ur10e_interfaces/srv/detail/validate_trajectory__type_support_c.cpp.o\x1b[0m\n'}
[2.221827] (ur10e_interfaces) StdoutLine: {'line': b'[ 56%] \x1b[32m\x1b[1mLinking CXX shared library libur10e_interfaces__rosidl_typesupport_c.so\x1b[0m\n'}
[2.256488] (ur10e_interfaces) StdoutLine: {'line': b'[ 59%] \x1b[32m\x1b[1mLinking C shared library libur10e_interfaces__rosidl_typesupport_introspection_c.so\x1b[0m\n'}
[2.266984] (ur10e_interfaces) StdoutLine: {'line': b'[ 59%] Built target ur10e_interfaces__rosidl_typesupport_c\n'}
[2.284810] (ur10e_interfaces) StdoutLine: {'line': b'[ 59%] Built target ur10e_interfaces__rosidl_typesupport_introspection_c\n'}
[2.307957] (-) TimerEvent: {}
[2.333434] (ur10e_interfaces) StdoutLine: {'line': b'[ 62%] \x1b[32m\x1b[1mLinking CXX shared library libur10e_interfaces__rosidl_typesupport_cpp.so\x1b[0m\n'}
[2.371621] (ur10e_interfaces) StdoutLine: {'line': b'[ 62%] Built target ur10e_interfaces__rosidl_typesupport_cpp\n'}
[2.408040] (-) TimerEvent: {}
[2.476971] (ur10e_interfaces) StdoutLine: {'line': b'[ 65%] \x1b[32m\x1b[1mLinking CXX shared library libur10e_interfaces__rosidl_typesupport_introspection_cpp.so\x1b[0m\n'}
[2.508160] (-) TimerEvent: {}
[2.509555] (ur10e_interfaces) StdoutLine: {'line': b'[ 68%] \x1b[32m\x1b[1mLinking CXX shared library libur10e_interfaces__rosidl_typesupport_fastrtps_cpp.so\x1b[0m\n'}
[2.517384] (ur10e_interfaces) StdoutLine: {'line': b'[ 71%] \x1b[32m\x1b[1mLinking CXX shared library libur10e_interfaces__rosidl_typesupport_fastrtps_c.so\x1b[0m\n'}
[2.542524] (ur10e_interfaces) StdoutLine: {'line': b'[ 71%] Built target ur10e_interfaces__rosidl_typesupport_introspection_cpp\n'}
[2.576641] (ur10e_interfaces) StdoutLine: {'line': b'[ 71%] Built target ur10e_interfaces__rosidl_typesupport_fastrtps_cpp\n'}
[2.580297] (ur10e_interfaces) StdoutLine: {'line': b'[ 71%] Built target ur10e_interfaces__rosidl_typesupport_fastrtps_c\n'}
[2.596271] (ur10e_interfaces) StdoutLine: {'line': b'[ 71%] Built target ur10e_interfaces\n'}
[2.608244] (-) TimerEvent: {}
[2.613526] (ur10e_interfaces) StdoutLine: {'line': b'[ 75%] \x1b[34m\x1b[1mGenerating Python code for ROS interfaces\x1b[0m\n'}
[2.708352] (-) TimerEvent: {}
[2.808620] (-) TimerEvent: {}
[2.908850] (-) TimerEvent: {}
[2.966862] (ur10e_interfaces) StdoutLine: {'line': b'[ 75%] Built target ur10e_interfaces__py\n'}
[2.983570] (ur10e_interfaces) StdoutLine: {'line': b'[ 78%] \x1b[32mBuilding C object CMakeFiles/ur10e_interfaces__rosidl_generator_py.dir/rosidl_generator_py/ur10e_interfaces/srv/_validate_trajectory_s.c.o\x1b[0m\n'}
[3.008982] (-) TimerEvent: {}
[3.103697] (ur10e_interfaces) StdoutLine: {'line': b'[ 81%] \x1b[32m\x1b[1mLinking C shared library rosidl_generator_py/ur10e_interfaces/libur10e_interfaces__rosidl_generator_py.so\x1b[0m\n'}
[3.109089] (-) TimerEvent: {}
[3.135446] (ur10e_interfaces) StdoutLine: {'line': b'[ 81%] Built target ur10e_interfaces__rosidl_generator_py\n'}
[3.153267] (ur10e_interfaces) StdoutLine: {'line': b'[ 90%] \x1b[32mBuilding C object CMakeFiles/ur10e_interfaces__rosidl_typesupport_c__pyext.dir/rosidl_generator_py/ur10e_interfaces/_ur10e_interfaces_s.ep.rosidl_typesupport_c.c.o\x1b[0m\n'}
[3.153428] (ur10e_interfaces) StdoutLine: {'line': b'[ 90%] \x1b[32mBuilding C object CMakeFiles/ur10e_interfaces__rosidl_typesupport_fastrtps_c__pyext.dir/rosidl_generator_py/ur10e_interfaces/_ur10e_interfaces_s.ep.rosidl_typesupport_fastrtps_c.c.o\x1b[0m\n'}
[3.153532] (ur10e_interfaces) StdoutLine: {'line': b'[ 90%] \x1b[32mBuilding C object CMakeFiles/ur10e_interfaces__rosidl_typesupport_introspection_c__pyext.dir/rosidl_generator_py/ur10e_interfaces/_ur10e_interfaces_s.ep.rosidl_typesupport_introspection_c.c.o\x1b[0m\n'}
[3.209180] (-) TimerEvent: {}
[3.233485] (ur10e_interfaces) StdoutLine: {'line': b'[ 96%] \x1b[32m\x1b[1mLinking C shared library rosidl_generator_py/ur10e_interfaces/ur10e_interfaces_s__rosidl_typesupport_introspection_c.cpython-310-x86_64-linux-gnu.so\x1b[0m\n'}
[3.233668] (ur10e_interfaces) StdoutLine: {'line': b'[ 96%] \x1b[32m\x1b[1mLinking C shared library rosidl_generator_py/ur10e_interfaces/ur10e_interfaces_s__rosidl_typesupport_c.cpython-310-x86_64-linux-gnu.so\x1b[0m\n'}
[3.236281] (ur10e_interfaces) StdoutLine: {'line': b'[100%] \x1b[32m\x1b[1mLinking C shared library rosidl_generator_py/ur10e_interfaces/ur10e_interfaces_s__rosidl_typesupport_fastrtps_c.cpython-310-x86_64-linux-gnu.so\x1b[0m\n'}
[3.263781] (ur10e_interfaces) StdoutLine: {'line': b'[100%] Built target ur10e_interfaces__rosidl_typesupport_introspection_c__pyext\n'}
[3.264001] (ur10e_interfaces) StdoutLine: {'line': b'[100%] Built target ur10e_interfaces__rosidl_typesupport_c__pyext\n'}
[3.267005] (ur10e_interfaces) StdoutLine: {'line': b'[100%] Built target ur10e_interfaces__rosidl_typesupport_fastrtps_c__pyext\n'}
[3.276048] (ur10e_interfaces) CommandEnded: {'returncode': 0}
[3.276701] (ur10e_interfaces) JobProgress: {'identifier': 'ur10e_interfaces', 'progress': 'install'}
[3.276852] (ur10e_interfaces) Command: {'cmd': ['/usr/bin/cmake', '--install', '/root/ros2_ws/build/ur10e_interfaces'], 'cwd': '/root/ros2_ws/build/ur10e_interfaces', 'env': OrderedDict([('HOSTNAME', 'cefd8b24792d'), ('SHLVL', '1'), ('LD_LIBRARY_PATH', '/root/ros2_ws/install/ur10e_interfaces/lib:/opt/ros/humble/opt/rviz_ogre_vendor/lib:/opt/ros/humble/lib/x86_64-linux-gnu:/opt/ros/humble/lib'), ('HOME', '/root'), ('ROS_PYTHON_VERSION', '3'), ('COLCON_PREFIX_PATH', '/root/ros2_ws/install'), ('ROS_DISTRO', 'humble'), ('_', '/usr/bin/colcon'), ('ROS_VERSION', '2'), ('TERM', 'xterm'), ('ROS_LOCALHOST_ONLY', '0'), ('PATH', '/opt/ros/humble/bin:/usr/local/sbin:/usr/local/bin:/usr/sbin:/usr/bin:/sbin:/bin'), ('DISPLAY', ':2'), ('LANG', 'C.UTF-8'), ('LS_COLORS', 'rs=0:di=01;34:ln=01;36:mh=00:pi=40;33:so=01;35:do=01;35:bd=40;33;01:cd=40;33;01:or=40;31;01:mi=00:su=37;41:sg=30;43:ca=30;41:tw=30;42:ow=34;42:st=37;44:ex=01;32:*.tar=01;31:*.tgz=01;31:*.arc=01;31:*.arj=01;31:*.taz=01;31:*.lha=01;31:*.lz4=01;31:*.lzh=01;31:*.lzma=01;31:*.tlz=01;31:*.txz=01;31:*.tzo=01;31:*.t7z=01;31:*.zip=01;31:*.z=01;31:*.dz=01;31:*.gz=01;31:*.lrz=01;31:*.lz=01;31:*.lzo=01;31:*.xz=01;31:*.zst=01;31:*.tzst=01;31:*.bz2=01;31:*.bz=01;31:*.tbz=01;31:*.tbz2=01;31:*.tz=01;31:*.deb=01;31:*.rpm=01;31:*.jar=01;31:*.war=01;31:*.ear=01;31:*.sar=01;31:*.rar=01;31:*.alz=01;31:*.ace=01;31:*.zoo=01;31:*.cpio=01;31:*.7z=01;31:*.rz=01;31:*.cab=01;31:*.wim=01;31:*.swm=01;31:*.dwm=01;31:*.esd=01;31:*.jpg=01;35:*.jpeg=01;35:*.mjpg=01;35:*.mjpeg=01;35:*.gif=01;35:*.bmp=01;35:*.pbm=01;35:*.pgm=01;35:*.ppm=01;35:*.tga=01;35:*.xbm=01;35:*.xpm=01;35:*.tif=01;35:*.tiff=01;35:*.png=01;35:*.svg=01;35:*.svgz=01;35:*.mng=01;35:*.pcx=01;35:*.mov=01;35:*.mpg=01;35:*.mpeg=01;35:*.m2v=01;35:*.mkv=01;35:*.webm=01;35:*.webp=01;35:*.ogm=01;35:*.mp4=01;35:*.m4v=01;35:*.mp4v=01;35:*.vob=01;35:*.qt=01;35:*.nuv=01;35:*.wmv=01;35:*.asf=01;35:*.rm=01;35:*.rmvb=01;35:*.flc=01;35:*.avi=01;35:*.fli=01;35:*.flv=01;35:*.gl=01;35:*.dl=01;35:*.xcf=01;35:*.xwd=01;35:*.yuv=01;35:*.cgm=01;35:*.emf=01;35:*.ogv=01;35:*.ogx=01;35:*.aac=00;36:*.au=00;36:*.flac=00;36:*.m4a=00;36:*.mid=00;36:*.midi=00;36:*.mka=00;36:*.mp3=00;36:*.mpc=00;36:*.ogg=00;36:*.ra=00;36:*.wav=00;36:*.oga=00;36:*.opus=00;36:*.spx=00;36:*.xspf=00;36:'), ('AMENT_PREFIX_PATH', '/root/ros2_ws/install/ur_description:/root/ros2_ws/install/ur10e_trajectory_pkg:/root/ros2_ws/install/ur10e_interfaces:/root/ros2_ws/install/package1:/opt/ros/humble'), ('PWD', '/root/ros2_ws/build/ur10e_interfaces'), ('LC_ALL', 'C.UTF-8'), ('PYTHONPATH', '/root/ros2_ws/install/ur10e_trajectory_pkg/lib/python3.10/site-packages:/root/ros2_ws/install/ur10e_interfaces/local/lib/python3.10/dist-packages:/root/ros2_ws/install/package1/lib/python3.10/site-packages:/opt/ros/humble/lib/python3.10/site-packages:/opt/ros/humble/local/lib/python3.10/dist-packages'), ('COLCON', '1'), ('CMAKE_PREFIX_PATH', '/root/ros2_ws/install/ur_description:/root/ros2_ws/install/ur10e_interfaces:/root/ros2_ws/install/ur10e_trajectory_pkg:/root/ros2_ws/install/package1:/opt/ros/humble')]), 'shell': False}
[3.283466] (ur10e_interfaces) StdoutLine: {'line': b'-- Install configuration: ""\n'}
[3.283702] (ur10e_interfaces) StdoutLine: {'line': b'-- Installing: /root/ros2_ws/install/ur10e_interfaces/share/ament_index/resource_index/rosidl_interfaces/ur10e_interfaces\n'}
[3.283965] (ur10e_interfaces) StdoutLine: {'line': b'-- Installing: /root/ros2_ws/install/ur10e_interfaces/include/ur10e_interfaces/ur10e_interfaces\n'}
[3.284178] (ur10e_interfaces) StdoutLine: {'line': b'-- Installing: /root/ros2_ws/install/ur10e_interfaces/include/ur10e_interfaces/ur10e_interfaces/srv\n'}
[3.284296] (ur10e_interfaces) StdoutLine: {'line': b'-- Installing: /root/ros2_ws/install/ur10e_interfaces/include/ur10e_interfaces/ur10e_interfaces/srv/detail\n'}
[3.284457] (ur10e_interfaces) StdoutLine: {'line': b'-- Installing: /root/ros2_ws/install/ur10e_interfaces/include/ur10e_interfaces/ur10e_interfaces/srv/detail/validate_trajectory__functions.c\n'}
[3.284558] (ur10e_interfaces) StdoutLine: {'line': b'-- Installing: /root/ros2_ws/install/ur10e_interfaces/include/ur10e_interfaces/ur10e_interfaces/srv/detail/validate_trajectory__struct.h\n'}
[3.284707] (ur10e_interfaces) StdoutLine: {'line': b'-- Installing: /root/ros2_ws/install/ur10e_interfaces/include/ur10e_interfaces/ur10e_interfaces/srv/detail/validate_trajectory__type_support.h\n'}
[3.284903] (ur10e_interfaces) StdoutLine: {'line': b'-- Installing: /root/ros2_ws/install/ur10e_interfaces/include/ur10e_interfaces/ur10e_interfaces/srv/detail/validate_trajectory__functions.h\n'}
[3.285175] (ur10e_interfaces) StdoutLine: {'line': b'-- Installing: /root/ros2_ws/install/ur10e_interfaces/include/ur10e_interfaces/ur10e_interfaces/srv/validate_trajectory.h\n'}
[3.285437] (ur10e_interfaces) StdoutLine: {'line': b'-- Installing: /root/ros2_ws/install/ur10e_interfaces/include/ur10e_interfaces/ur10e_interfaces/msg\n'}
[3.285581] (ur10e_interfaces) StdoutLine: {'line': b'-- Installing: /root/ros2_ws/install/ur10e_interfaces/include/ur10e_interfaces/ur10e_interfaces/msg/rosidl_generator_c__visibility_control.h\n'}
[3.285808] (ur10e_interfaces) StdoutLine: {'line': b'-- Installing: /root/ros2_ws/install/ur10e_interfaces/share/ur10e_interfaces/environment/library_path.sh\n'}
[3.286102] (ur10e_interfaces) StdoutLine: {'line': b'-- Installing: /root/ros2_ws/install/ur10e_interfaces/share/ur10e_interfaces/environment/library_path.dsv\n'}
[3.286380] (ur10e_interfaces) StdoutLine: {'line': b'-- Installing: /root/ros2_ws/install/ur10e_interfaces/lib/libur10e_interfaces__rosidl_generator_c.so\n'}
[3.286975] (ur10e_interfaces) StdoutLine: {'line': b'-- Set runtime path of "/root/ros2_ws/install/ur10e_interfaces/lib/libur10e_interfaces__rosidl_generator_c.so" to ""\n'}
[3.287112] (ur10e_interfaces) StdoutLine: {'line': b'-- Up-to-date: /root/ros2_ws/install/ur10e_interfaces/include/ur10e_interfaces/ur10e_interfaces\n'}
[3.287251] (ur10e_interfaces) StdoutLine: {'line': b'-- Up-to-date: /root/ros2_ws/install/ur10e_interfaces/include/ur10e_interfaces/ur10e_interfaces/msg\n'}
[3.287341] (ur10e_interfaces) StdoutLine: {'line': b'-- Installing: /root/ros2_ws/install/ur10e_interfaces/include/ur10e_interfaces/ur10e_interfaces/msg/rosidl_typesupport_fastrtps_c__visibility_control.h\n'}
[3.287433] (ur10e_interfaces) StdoutLine: {'line': b'-- Up-to-date: /root/ros2_ws/install/ur10e_interfaces/include/ur10e_interfaces/ur10e_interfaces/srv\n'}
[3.287531] (ur10e_interfaces) StdoutLine: {'line': b'-- Up-to-date: /root/ros2_ws/install/ur10e_interfaces/include/ur10e_interfaces/ur10e_interfaces/srv/detail\n'}
[3.287627] (ur10e_interfaces) StdoutLine: {'line': b'-- Installing: /root/ros2_ws/install/ur10e_interfaces/include/ur10e_interfaces/ur10e_interfaces/srv/detail/validate_trajectory__rosidl_typesupport_fastrtps_c.h\n'}
[3.287743] (ur10e_interfaces) StdoutLine: {'line': b'-- Installing: /root/ros2_ws/install/ur10e_interfaces/lib/libur10e_interfaces__rosidl_typesupport_fastrtps_c.so\n'}
[3.288415] (ur10e_interfaces) StdoutLine: {'line': b'-- Set runtime path of "/root/ros2_ws/install/ur10e_interfaces/lib/libur10e_interfaces__rosidl_typesupport_fastrtps_c.so" to ""\n'}
[3.288516] (ur10e_interfaces) StdoutLine: {'line': b'-- Up-to-date: /root/ros2_ws/install/ur10e_interfaces/include/ur10e_interfaces/ur10e_interfaces\n'}
[3.288608] (ur10e_interfaces) StdoutLine: {'line': b'-- Up-to-date: /root/ros2_ws/install/ur10e_interfaces/include/ur10e_interfaces/ur10e_interfaces/srv\n'}
[3.288699] (ur10e_interfaces) StdoutLine: {'line': b'-- Up-to-date: /root/ros2_ws/install/ur10e_interfaces/include/ur10e_interfaces/ur10e_interfaces/srv/detail\n'}
[3.288785] (ur10e_interfaces) StdoutLine: {'line': b'-- Installing: /root/ros2_ws/install/ur10e_interfaces/include/ur10e_interfaces/ur10e_interfaces/srv/detail/validate_trajectory__rosidl_typesupport_introspection_c.h\n'}
[3.288873] (ur10e_interfaces) StdoutLine: {'line': b'-- Installing: /root/ros2_ws/install/ur10e_interfaces/include/ur10e_interfaces/ur10e_interfaces/srv/detail/validate_trajectory__type_support.c\n'}
[3.289146] (ur10e_interfaces) StdoutLine: {'line': b'-- Up-to-date: /root/ros2_ws/install/ur10e_interfaces/include/ur10e_interfaces/ur10e_interfaces/msg\n'}
[3.289285] (ur10e_interfaces) StdoutLine: {'line': b'-- Installing: /root/ros2_ws/install/ur10e_interfaces/include/ur10e_interfaces/ur10e_interfaces/msg/rosidl_typesupport_introspection_c__visibility_control.h\n'}
[3.289490] (ur10e_interfaces) StdoutLine: {'line': b'-- Installing: /root/ros2_ws/install/ur10e_interfaces/lib/libur10e_interfaces__rosidl_typesupport_introspection_c.so\n'}
[3.290092] (ur10e_interfaces) StdoutLine: {'line': b'-- Set runtime path of "/root/ros2_ws/install/ur10e_interfaces/lib/libur10e_interfaces__rosidl_typesupport_introspection_c.so" to ""\n'}
[3.290209] (ur10e_interfaces) StdoutLine: {'line': b'-- Installing: /root/ros2_ws/install/ur10e_interfaces/lib/libur10e_interfaces__rosidl_typesupport_c.so\n'}
[3.290694] (ur10e_interfaces) StdoutLine: {'line': b'-- Set runtime path of "/root/ros2_ws/install/ur10e_interfaces/lib/libur10e_interfaces__rosidl_typesupport_c.so" to ""\n'}
[3.290831] (ur10e_interfaces) StdoutLine: {'line': b'-- Up-to-date: /root/ros2_ws/install/ur10e_interfaces/include/ur10e_interfaces/ur10e_interfaces\n'}
[3.290959] (ur10e_interfaces) StdoutLine: {'line': b'-- Up-to-date: /root/ros2_ws/install/ur10e_interfaces/include/ur10e_interfaces/ur10e_interfaces/msg\n'}
[3.291053] (ur10e_interfaces) StdoutLine: {'line': b'-- Installing: /root/ros2_ws/install/ur10e_interfaces/include/ur10e_interfaces/ur10e_interfaces/msg/rosidl_generator_cpp__visibility_control.hpp\n'}
[3.291142] (ur10e_interfaces) StdoutLine: {'line': b'-- Up-to-date: /root/ros2_ws/install/ur10e_interfaces/include/ur10e_interfaces/ur10e_interfaces/srv\n'}
[3.291216] (ur10e_interfaces) StdoutLine: {'line': b'-- Up-to-date: /root/ros2_ws/install/ur10e_interfaces/include/ur10e_interfaces/ur10e_interfaces/srv/detail\n'}
[3.291290] (ur10e_interfaces) StdoutLine: {'line': b'-- Installing: /root/ros2_ws/install/ur10e_interfaces/include/ur10e_interfaces/ur10e_interfaces/srv/detail/validate_trajectory__struct.hpp\n'}
[3.291390] (ur10e_interfaces) StdoutLine: {'line': b'-- Installing: /root/ros2_ws/install/ur10e_interfaces/include/ur10e_interfaces/ur10e_interfaces/srv/detail/validate_trajectory__traits.hpp\n'}
[3.291619] (ur10e_interfaces) StdoutLine: {'line': b'-- Installing: /root/ros2_ws/install/ur10e_interfaces/include/ur10e_interfaces/ur10e_interfaces/srv/detail/validate_trajectory__builder.hpp\n'}
[3.291796] (ur10e_interfaces) StdoutLine: {'line': b'-- Installing: /root/ros2_ws/install/ur10e_interfaces/include/ur10e_interfaces/ur10e_interfaces/srv/detail/validate_trajectory__type_support.hpp\n'}
[3.292081] (ur10e_interfaces) StdoutLine: {'line': b'-- Installing: /root/ros2_ws/install/ur10e_interfaces/include/ur10e_interfaces/ur10e_interfaces/srv/validate_trajectory.hpp\n'}
[3.292299] (ur10e_interfaces) StdoutLine: {'line': b'-- Up-to-date: /root/ros2_ws/install/ur10e_interfaces/include/ur10e_interfaces/ur10e_interfaces\n'}
[3.292407] (ur10e_interfaces) StdoutLine: {'line': b'-- Up-to-date: /root/ros2_ws/install/ur10e_interfaces/include/ur10e_interfaces/ur10e_interfaces/msg\n'}
[3.292497] (ur10e_interfaces) StdoutLine: {'line': b'-- Installing: /root/ros2_ws/install/ur10e_interfaces/include/ur10e_interfaces/ur10e_interfaces/msg/rosidl_typesupport_fastrtps_cpp__visibility_control.h\n'}
[3.292586] (ur10e_interfaces) StdoutLine: {'line': b'-- Up-to-date: /root/ros2_ws/install/ur10e_interfaces/include/ur10e_interfaces/ur10e_interfaces/srv\n'}
[3.292669] (ur10e_interfaces) StdoutLine: {'line': b'-- Up-to-date: /root/ros2_ws/install/ur10e_interfaces/include/ur10e_interfaces/ur10e_interfaces/srv/detail\n'}
[3.292767] (ur10e_interfaces) StdoutLine: {'line': b'-- Installing: /root/ros2_ws/install/ur10e_interfaces/include/ur10e_interfaces/ur10e_interfaces/srv/detail/dds_fastrtps\n'}
[3.292839] (ur10e_interfaces) StdoutLine: {'line': b'-- Installing: /root/ros2_ws/install/ur10e_interfaces/include/ur10e_interfaces/ur10e_interfaces/srv/detail/validate_trajectory__rosidl_typesupport_fastrtps_cpp.hpp\n'}
[3.293080] (ur10e_interfaces) StdoutLine: {'line': b'-- Installing: /root/ros2_ws/install/ur10e_interfaces/lib/libur10e_interfaces__rosidl_typesupport_fastrtps_cpp.so\n'}
[3.293741] (ur10e_interfaces) StdoutLine: {'line': b'-- Set runtime path of "/root/ros2_ws/install/ur10e_interfaces/lib/libur10e_interfaces__rosidl_typesupport_fastrtps_cpp.so" to ""\n'}
[3.293838] (ur10e_interfaces) StdoutLine: {'line': b'-- Up-to-date: /root/ros2_ws/install/ur10e_interfaces/include/ur10e_interfaces/ur10e_interfaces\n'}
[3.293943] (ur10e_interfaces) StdoutLine: {'line': b'-- Up-to-date: /root/ros2_ws/install/ur10e_interfaces/include/ur10e_interfaces/ur10e_interfaces/srv\n'}
[3.294044] (ur10e_interfaces) StdoutLine: {'line': b'-- Up-to-date: /root/ros2_ws/install/ur10e_interfaces/include/ur10e_interfaces/ur10e_interfaces/srv/detail\n'}
[3.294124] (ur10e_interfaces) StdoutLine: {'line': b'-- Installing: /root/ros2_ws/install/ur10e_interfaces/include/ur10e_interfaces/ur10e_interfaces/srv/detail/validate_trajectory__rosidl_typesupport_introspection_cpp.hpp\n'}
[3.294221] (ur10e_interfaces) StdoutLine: {'line': b'-- Installing: /root/ros2_ws/install/ur10e_interfaces/include/ur10e_interfaces/ur10e_interfaces/srv/detail/validate_trajectory__type_support.cpp\n'}
[3.294484] (ur10e_interfaces) StdoutLine: {'line': b'-- Installing: /root/ros2_ws/install/ur10e_interfaces/lib/libur10e_interfaces__rosidl_typesupport_introspection_cpp.so\n'}
[3.295245] (ur10e_interfaces) StdoutLine: {'line': b'-- Set runtime path of "/root/ros2_ws/install/ur10e_interfaces/lib/libur10e_interfaces__rosidl_typesupport_introspection_cpp.so" to ""\n'}
[3.295357] (ur10e_interfaces) StdoutLine: {'line': b'-- Installing: /root/ros2_ws/install/ur10e_interfaces/lib/libur10e_interfaces__rosidl_typesupport_cpp.so\n'}
[3.295822] (ur10e_interfaces) StdoutLine: {'line': b'-- Set runtime path of "/root/ros2_ws/install/ur10e_interfaces/lib/libur10e_interfaces__rosidl_typesupport_cpp.so" to ""\n'}
[3.295975] (ur10e_interfaces) StdoutLine: {'line': b'-- Installing: /root/ros2_ws/install/ur10e_interfaces/share/ur10e_interfaces/environment/pythonpath.sh\n'}
[3.296198] (ur10e_interfaces) StdoutLine: {'line': b'-- Installing: /root/ros2_ws/install/ur10e_interfaces/share/ur10e_interfaces/environment/pythonpath.dsv\n'}
[3.296404] (ur10e_interfaces) StdoutLine: {'line': b'-- Installing: /root/ros2_ws/install/ur10e_interfaces/local/lib/python3.10/dist-packages/ur10e_interfaces-0.0.0-py3.10.egg-info\n'}
[3.296608] (ur10e_interfaces) StdoutLine: {'line': b'-- Installing: /root/ros2_ws/install/ur10e_interfaces/local/lib/python3.10/dist-packages/ur10e_interfaces-0.0.0-py3.10.egg-info/PKG-INFO\n'}
[3.296777] (ur10e_interfaces) StdoutLine: {'line': b'-- Installing: /root/ros2_ws/install/ur10e_interfaces/local/lib/python3.10/dist-packages/ur10e_interfaces-0.0.0-py3.10.egg-info/top_level.txt\n'}
[3.297051] (ur10e_interfaces) StdoutLine: {'line': b'-- Installing: /root/ros2_ws/install/ur10e_interfaces/local/lib/python3.10/dist-packages/ur10e_interfaces-0.0.0-py3.10.egg-info/dependency_links.txt\n'}
[3.297242] (ur10e_interfaces) StdoutLine: {'line': b'-- Installing: /root/ros2_ws/install/ur10e_interfaces/local/lib/python3.10/dist-packages/ur10e_interfaces-0.0.0-py3.10.egg-info/SOURCES.txt\n'}
[3.297427] (ur10e_interfaces) StdoutLine: {'line': b'-- Installing: /root/ros2_ws/install/ur10e_interfaces/local/lib/python3.10/dist-packages/ur10e_interfaces\n'}
[3.297531] (ur10e_interfaces) StdoutLine: {'line': b'-- Installing: /root/ros2_ws/install/ur10e_interfaces/local/lib/python3.10/dist-packages/ur10e_interfaces/ur10e_interfaces_s__rosidl_typesupport_fastrtps_c.cpython-310-x86_64-linux-gnu.so\n'}
[3.297802] (ur10e_interfaces) StdoutLine: {'line': b'-- Installing: /root/ros2_ws/install/ur10e_interfaces/local/lib/python3.10/dist-packages/ur10e_interfaces/ur10e_interfaces_s__rosidl_typesupport_c.cpython-310-x86_64-linux-gnu.so\n'}
[3.298086] (ur10e_interfaces) StdoutLine: {'line': b'-- Installing: /root/ros2_ws/install/ur10e_interfaces/local/lib/python3.10/dist-packages/ur10e_interfaces/__init__.py\n'}
[3.298278] (ur10e_interfaces) StdoutLine: {'line': b'-- Installing: /root/ros2_ws/install/ur10e_interfaces/local/lib/python3.10/dist-packages/ur10e_interfaces/_ur10e_interfaces_s.ep.rosidl_typesupport_c.c\n'}
[3.298492] (ur10e_interfaces) StdoutLine: {'line': b'-- Installing: /root/ros2_ws/install/ur10e_interfaces/local/lib/python3.10/dist-packages/ur10e_interfaces/_ur10e_interfaces_s.ep.rosidl_typesupport_introspection_c.c\n'}
[3.298713] (ur10e_interfaces) StdoutLine: {'line': b'-- Installing: /root/ros2_ws/install/ur10e_interfaces/local/lib/python3.10/dist-packages/ur10e_interfaces/ur10e_interfaces_s__rosidl_typesupport_introspection_c.cpython-310-x86_64-linux-gnu.so\n'}
[3.298972] (ur10e_interfaces) StdoutLine: {'line': b'-- Installing: /root/ros2_ws/install/ur10e_interfaces/local/lib/python3.10/dist-packages/ur10e_interfaces/_ur10e_interfaces_s.ep.rosidl_typesupport_fastrtps_c.c\n'}
[3.299180] (ur10e_interfaces) StdoutLine: {'line': b'-- Installing: /root/ros2_ws/install/ur10e_interfaces/local/lib/python3.10/dist-packages/ur10e_interfaces/srv\n'}
[3.299295] (ur10e_interfaces) StdoutLine: {'line': b'-- Installing: /root/ros2_ws/install/ur10e_interfaces/local/lib/python3.10/dist-packages/ur10e_interfaces/srv/_validate_trajectory.py\n'}
[3.299487] (ur10e_interfaces) StdoutLine: {'line': b'-- Installing: /root/ros2_ws/install/ur10e_interfaces/local/lib/python3.10/dist-packages/ur10e_interfaces/srv/_validate_trajectory_s.c\n'}
[3.299746] (ur10e_interfaces) StdoutLine: {'line': b'-- Installing: /root/ros2_ws/install/ur10e_interfaces/local/lib/python3.10/dist-packages/ur10e_interfaces/srv/__init__.py\n'}
[3.299988] (ur10e_interfaces) StdoutLine: {'line': b'-- Installing: /root/ros2_ws/install/ur10e_interfaces/local/lib/python3.10/dist-packages/ur10e_interfaces/libur10e_interfaces__rosidl_generator_py.so\n'}
[3.309245] (-) TimerEvent: {}
[3.333527] (ur10e_interfaces) StdoutLine: {'line': b"Listing '/root/ros2_ws/install/ur10e_interfaces/local/lib/python3.10/dist-packages/ur10e_interfaces'...\n"}
[3.333699] (ur10e_interfaces) StdoutLine: {'line': b"Compiling '/root/ros2_ws/install/ur10e_interfaces/local/lib/python3.10/dist-packages/ur10e_interfaces/__init__.py'...\n"}
[3.333805] (ur10e_interfaces) StdoutLine: {'line': b"Listing '/root/ros2_ws/install/ur10e_interfaces/local/lib/python3.10/dist-packages/ur10e_interfaces/srv'...\n"}
[3.333886] (ur10e_interfaces) StdoutLine: {'line': b"Compiling '/root/ros2_ws/install/ur10e_interfaces/local/lib/python3.10/dist-packages/ur10e_interfaces/srv/__init__.py'...\n"}
[3.333962] (ur10e_interfaces) StdoutLine: {'line': b"Compiling '/root/ros2_ws/install/ur10e_interfaces/local/lib/python3.10/dist-packages/ur10e_interfaces/srv/_validate_trajectory.py'...\n"}
[3.337161] (ur10e_interfaces) StdoutLine: {'line': b'-- Installing: /root/ros2_ws/install/ur10e_interfaces/local/lib/python3.10/dist-packages/ur10e_interfaces/ur10e_interfaces_s__rosidl_typesupport_fastrtps_c.cpython-310-x86_64-linux-gnu.so\n'}
[3.337712] (ur10e_interfaces) StdoutLine: {'line': b'-- Set runtime path of "/root/ros2_ws/install/ur10e_interfaces/local/lib/python3.10/dist-packages/ur10e_interfaces/ur10e_interfaces_s__rosidl_typesupport_fastrtps_c.cpython-310-x86_64-linux-gnu.so" to ""\n'}
[3.337958] (ur10e_interfaces) StdoutLine: {'line': b'-- Installing: /root/ros2_ws/install/ur10e_interfaces/local/lib/python3.10/dist-packages/ur10e_interfaces/ur10e_interfaces_s__rosidl_typesupport_introspection_c.cpython-310-x86_64-linux-gnu.so\n'}
[3.338507] (ur10e_interfaces) StdoutLine: {'line': b'-- Set runtime path of "/root/ros2_ws/install/ur10e_interfaces/local/lib/python3.10/dist-packages/ur10e_interfaces/ur10e_interfaces_s__rosidl_typesupport_introspection_c.cpython-310-x86_64-linux-gnu.so" to ""\n'}
[3.338745] (ur10e_interfaces) StdoutLine: {'line': b'-- Installing: /root/ros2_ws/install/ur10e_interfaces/local/lib/python3.10/dist-packages/ur10e_interfaces/ur10e_interfaces_s__rosidl_typesupport_c.cpython-310-x86_64-linux-gnu.so\n'}
[3.339373] (ur10e_interfaces) StdoutLine: {'line': b'-- Set runtime path of "/root/ros2_ws/install/ur10e_interfaces/local/lib/python3.10/dist-packages/ur10e_interfaces/ur10e_interfaces_s__rosidl_typesupport_c.cpython-310-x86_64-linux-gnu.so" to ""\n'}
[3.339504] (ur10e_interfaces) StdoutLine: {'line': b'-- Installing: /root/ros2_ws/install/ur10e_interfaces/lib/libur10e_interfaces__rosidl_generator_py.so\n'}
[3.340064] (ur10e_interfaces) StdoutLine: {'line': b'-- Set runtime path of "/root/ros2_ws/install/ur10e_interfaces/lib/libur10e_interfaces__rosidl_generator_py.so" to ""\n'}
[3.340188] (ur10e_interfaces) StdoutLine: {'line': b'-- Installing: /root/ros2_ws/install/ur10e_interfaces/share/ament_index/resource_index/rust_packages/ur10e_interfaces\n'}
[3.340374] (ur10e_interfaces) StdoutLine: {'line': b'-- Installing: /root/ros2_ws/install/ur10e_interfaces/share/ur10e_interfaces/rust\n'}
[3.340513] (ur10e_interfaces) StdoutLine: {'line': b'-- Installing: /root/ros2_ws/install/ur10e_interfaces/share/ur10e_interfaces/rust/build.rs\n'}
[3.340618] (ur10e_interfaces) StdoutLine: {'line': b'-- Installing: /root/ros2_ws/install/ur10e_interfaces/share/ur10e_interfaces/rust/Cargo.toml\n'}
[3.340783] (ur10e_interfaces) StdoutLine: {'line': b'-- Installing: /root/ros2_ws/install/ur10e_interfaces/share/ur10e_interfaces/rust/src\n'}
[3.340870] (ur10e_interfaces) StdoutLine: {'line': b'-- Installing: /root/ros2_ws/install/ur10e_interfaces/share/ur10e_interfaces/rust/src/srv\n'}
[3.341045] (ur10e_interfaces) StdoutLine: {'line': b'-- Installing: /root/ros2_ws/install/ur10e_interfaces/share/ur10e_interfaces/rust/src/srv/rmw.rs\n'}
[3.341203] (ur10e_interfaces) StdoutLine: {'line': b'-- Installing: /root/ros2_ws/install/ur10e_interfaces/share/ur10e_interfaces/rust/src/lib.rs\n'}
[3.341429] (ur10e_interfaces) StdoutLine: {'line': b'-- Installing: /root/ros2_ws/install/ur10e_interfaces/share/ur10e_interfaces/rust/src/srv.rs\n'}
[3.341739] (ur10e_interfaces) StdoutLine: {'line': b'-- Installing: /root/ros2_ws/install/ur10e_interfaces/share/ur10e_interfaces/srv/ValidateTrajectory.idl\n'}
[3.341986] (ur10e_interfaces) StdoutLine: {'line': b'-- Installing: /root/ros2_ws/install/ur10e_interfaces/share/ur10e_interfaces/srv/ValidateTrajectory.srv\n'}
[3.342226] (ur10e_interfaces) StdoutLine: {'line': b'-- Installing: /root/ros2_ws/install/ur10e_interfaces/share/ur10e_interfaces/srv/ValidateTrajectory_Request.msg\n'}
[3.342433] (ur10e_interfaces) StdoutLine: {'line': b'-- Installing: /root/ros2_ws/install/ur10e_interfaces/share/ur10e_interfaces/srv/ValidateTrajectory_Response.msg\n'}
[3.342694] (ur10e_interfaces) StdoutLine: {'line': b'-- Installing: /root/ros2_ws/install/ur10e_interfaces/share/ament_index/resource_index/package_run_dependencies/ur10e_interfaces\n'}
[3.342977] (ur10e_interfaces) StdoutLine: {'line': b'-- Installing: /root/ros2_ws/install/ur10e_interfaces/share/ament_index/resource_index/parent_prefix_path/ur10e_interfaces\n'}
[3.343267] (ur10e_interfaces) StdoutLine: {'line': b'-- Installing: /root/ros2_ws/install/ur10e_interfaces/share/ur10e_interfaces/environment/ament_prefix_path.sh\n'}
[3.343519] (ur10e_interfaces) StdoutLine: {'line': b'-- Installing: /root/ros2_ws/install/ur10e_interfaces/share/ur10e_interfaces/environment/ament_prefix_path.dsv\n'}
[3.343730] (ur10e_interfaces) StdoutLine: {'line': b'-- Installing: /root/ros2_ws/install/ur10e_interfaces/share/ur10e_interfaces/environment/path.sh\n'}
[3.343968] (ur10e_interfaces) StdoutLine: {'line': b'-- Installing: /root/ros2_ws/install/ur10e_interfaces/share/ur10e_interfaces/environment/path.dsv\n'}
[3.344239] (ur10e_interfaces) StdoutLine: {'line': b'-- Installing: /root/ros2_ws/install/ur10e_interfaces/share/ur10e_interfaces/local_setup.bash\n'}
[3.344453] (ur10e_interfaces) StdoutLine: {'line': b'-- Installing: /root/ros2_ws/install/ur10e_interfaces/share/ur10e_interfaces/local_setup.sh\n'}
[3.344665] (ur10e_interfaces) StdoutLine: {'line': b'-- Installing: /root/ros2_ws/install/ur10e_interfaces/share/ur10e_interfaces/local_setup.zsh\n'}
[3.344813] (ur10e_interfaces) StdoutLine: {'line': b'-- Installing: /root/ros2_ws/install/ur10e_interfaces/share/ur10e_interfaces/local_setup.dsv\n'}
[3.345106] (ur10e_interfaces) StdoutLine: {'line': b'-- Installing: /root/ros2_ws/install/ur10e_interfaces/share/ur10e_interfaces/package.dsv\n'}
[3.345360] (ur10e_interfaces) StdoutLine: {'line': b'-- Installing: /root/ros2_ws/install/ur10e_interfaces/share/ament_index/resource_index/packages/ur10e_interfaces\n'}
[3.345666] (ur10e_interfaces) StdoutLine: {'line': b'-- Installing: /root/ros2_ws/install/ur10e_interfaces/share/ur10e_interfaces/cmake/export_ur10e_interfaces__rosidl_generator_cExport.cmake\n'}
[3.345855] (ur10e_interfaces) StdoutLine: {'line': b'-- Installing: /root/ros2_ws/install/ur10e_interfaces/share/ur10e_interfaces/cmake/export_ur10e_interfaces__rosidl_generator_cExport-noconfig.cmake\n'}
[3.346214] (ur10e_interfaces) StdoutLine: {'line': b'-- Installing: /root/ros2_ws/install/ur10e_interfaces/share/ur10e_interfaces/cmake/export_ur10e_interfaces__rosidl_typesupport_fastrtps_cExport.cmake\n'}
[3.346458] (ur10e_interfaces) StdoutLine: {'line': b'-- Installing: /root/ros2_ws/install/ur10e_interfaces/share/ur10e_interfaces/cmake/export_ur10e_interfaces__rosidl_typesupport_fastrtps_cExport-noconfig.cmake\n'}
[3.346707] (ur10e_interfaces) StdoutLine: {'line': b'-- Installing: /root/ros2_ws/install/ur10e_interfaces/share/ur10e_interfaces/cmake/ur10e_interfaces__rosidl_typesupport_introspection_cExport.cmake\n'}
[3.346970] (ur10e_interfaces) StdoutLine: {'line': b'-- Installing: /root/ros2_ws/install/ur10e_interfaces/share/ur10e_interfaces/cmake/ur10e_interfaces__rosidl_typesupport_introspection_cExport-noconfig.cmake\n'}
[3.347244] (ur10e_interfaces) StdoutLine: {'line': b'-- Installing: /root/ros2_ws/install/ur10e_interfaces/share/ur10e_interfaces/cmake/ur10e_interfaces__rosidl_typesupport_cExport.cmake\n'}
[3.347483] (ur10e_interfaces) StdoutLine: {'line': b'-- Installing: /root/ros2_ws/install/ur10e_interfaces/share/ur10e_interfaces/cmake/ur10e_interfaces__rosidl_typesupport_cExport-noconfig.cmake\n'}
[3.347690] (ur10e_interfaces) StdoutLine: {'line': b'-- Installing: /root/ros2_ws/install/ur10e_interfaces/share/ur10e_interfaces/cmake/export_ur10e_interfaces__rosidl_generator_cppExport.cmake\n'}
[3.347928] (ur10e_interfaces) StdoutLine: {'line': b'-- Installing: /root/ros2_ws/install/ur10e_interfaces/share/ur10e_interfaces/cmake/export_ur10e_interfaces__rosidl_typesupport_fastrtps_cppExport.cmake\n'}
[3.348175] (ur10e_interfaces) StdoutLine: {'line': b'-- Installing: /root/ros2_ws/install/ur10e_interfaces/share/ur10e_interfaces/cmake/export_ur10e_interfaces__rosidl_typesupport_fastrtps_cppExport-noconfig.cmake\n'}
[3.348461] (ur10e_interfaces) StdoutLine: {'line': b'-- Installing: /root/ros2_ws/install/ur10e_interfaces/share/ur10e_interfaces/cmake/ur10e_interfaces__rosidl_typesupport_introspection_cppExport.cmake\n'}
[3.348708] (ur10e_interfaces) StdoutLine: {'line': b'-- Installing: /root/ros2_ws/install/ur10e_interfaces/share/ur10e_interfaces/cmake/ur10e_interfaces__rosidl_typesupport_introspection_cppExport-noconfig.cmake\n'}
[3.348952] (ur10e_interfaces) StdoutLine: {'line': b'-- Installing: /root/ros2_ws/install/ur10e_interfaces/share/ur10e_interfaces/cmake/ur10e_interfaces__rosidl_typesupport_cppExport.cmake\n'}
[3.349196] (ur10e_interfaces) StdoutLine: {'line': b'-- Installing: /root/ros2_ws/install/ur10e_interfaces/share/ur10e_interfaces/cmake/ur10e_interfaces__rosidl_typesupport_cppExport-noconfig.cmake\n'}
[3.349406] (ur10e_interfaces) StdoutLine: {'line': b'-- Installing: /root/ros2_ws/install/ur10e_interfaces/share/ur10e_interfaces/cmake/export_ur10e_interfaces__rosidl_generator_pyExport.cmake\n'}
[3.349687] (ur10e_interfaces) StdoutLine: {'line': b'-- Installing: /root/ros2_ws/install/ur10e_interfaces/share/ur10e_interfaces/cmake/export_ur10e_interfaces__rosidl_generator_pyExport-noconfig.cmake\n'}
[3.349851] (ur10e_interfaces) StdoutLine: {'line': b'-- Installing: /root/ros2_ws/install/ur10e_interfaces/share/ur10e_interfaces/cmake/rosidl_cmake-extras.cmake\n'}
[3.350119] (ur10e_interfaces) StdoutLine: {'line': b'-- Installing: /root/ros2_ws/install/ur10e_interfaces/share/ur10e_interfaces/cmake/ament_cmake_export_include_directories-extras.cmake\n'}
[3.350383] (ur10e_interfaces) StdoutLine: {'line': b'-- Installing: /root/ros2_ws/install/ur10e_interfaces/share/ur10e_interfaces/cmake/ament_cmake_export_libraries-extras.cmake\n'}
[3.350617] (ur10e_interfaces) StdoutLine: {'line': b'-- Installing: /root/ros2_ws/install/ur10e_interfaces/share/ur10e_interfaces/cmake/ament_cmake_export_targets-extras.cmake\n'}
[3.350779] (ur10e_interfaces) StdoutLine: {'line': b'-- Installing: /root/ros2_ws/install/ur10e_interfaces/share/ur10e_interfaces/cmake/rosidl_cmake_export_typesupport_targets-extras.cmake\n'}
[3.351073] (ur10e_interfaces) StdoutLine: {'line': b'-- Installing: /root/ros2_ws/install/ur10e_interfaces/share/ur10e_interfaces/cmake/ament_cmake_export_dependencies-extras.cmake\n'}
[3.351298] (ur10e_interfaces) StdoutLine: {'line': b'-- Installing: /root/ros2_ws/install/ur10e_interfaces/share/ur10e_interfaces/cmake/rosidl_cmake_export_typesupport_libraries-extras.cmake\n'}
[3.351535] (ur10e_interfaces) StdoutLine: {'line': b'-- Installing: /root/ros2_ws/install/ur10e_interfaces/share/ur10e_interfaces/cmake/rosidl_cmake_aggregate_target-extras.cmake\n'}
[3.351714] (ur10e_interfaces) StdoutLine: {'line': b'-- Installing: /root/ros2_ws/install/ur10e_interfaces/share/ur10e_interfaces/cmake/ur10e_interfacesConfig.cmake\n'}
[3.351858] (ur10e_interfaces) StdoutLine: {'line': b'-- Installing: /root/ros2_ws/install/ur10e_interfaces/share/ur10e_interfaces/cmake/ur10e_interfacesConfig-version.cmake\n'}
[3.352111] (ur10e_interfaces) StdoutLine: {'line': b'-- Installing: /root/ros2_ws/install/ur10e_interfaces/share/ur10e_interfaces/package.xml\n'}
[3.353797] (ur10e_interfaces) CommandEnded: {'returncode': 0}
[3.367737] (ur10e_interfaces) JobEnded: {'identifier': 'ur10e_interfaces', 'rc': 0}
[3.368605] (ur10e_trajectory_pkg) JobStarted: {'identifier': 'ur10e_trajectory_pkg'}
[3.409379] (-) TimerEvent: {}
[3.509616] (-) TimerEvent: {}
[3.609855] (-) TimerEvent: {}
[3.710119] (-) TimerEvent: {}
[3.810394] (-) TimerEvent: {}
[3.853700] (ur10e_trajectory_pkg) Command: {'cmd': ['/usr/bin/python3', '-W', 'ignore:setup.py install is deprecated', '-W', 'ignore:easy_install command is deprecated', 'setup.py', 'egg_info', '--egg-base', '../../build/ur10e_trajectory_pkg', 'build', '--build-base', '/root/ros2_ws/build/ur10e_trajectory_pkg/build', 'install', '--record', '/root/ros2_ws/build/ur10e_trajectory_pkg/install.log', '--install-scripts', '$base/lib/ur10e_trajectory_pkg', '--single-version-externally-managed', 'install_data'], 'cwd': '/root/ros2_ws/src/ur10e_trajectory_pkg', 'env': {'HOSTNAME': 'cefd8b24792d', 'SHLVL': '1', 'LD_LIBRARY_PATH': '/root/ros2_ws/install/ur10e_interfaces/lib:/opt/ros/humble/opt/rviz_ogre_vendor/lib:/opt/ros/humble/lib/x86_64-linux-gnu:/opt/ros/humble/lib', 'HOME': '/root', 'ROS_PYTHON_VERSION': '3', 'COLCON_PREFIX_PATH': '/root/ros2_ws/install', 'ROS_DISTRO': 'humble', '_': '/usr/bin/colcon', 'ROS_VERSION': '2', 'TERM': 'xterm', 'ROS_LOCALHOST_ONLY': '0', 'PATH': '/opt/ros/humble/bin:/usr/local/sbin:/usr/local/bin:/usr/sbin:/usr/bin:/sbin:/bin', 'DISPLAY': ':2', 'LANG': 'C.UTF-8', 'LS_COLORS': 'rs=0:di=01;34:ln=01;36:mh=00:pi=40;33:so=01;35:do=01;35:bd=40;33;01:cd=40;33;01:or=40;31;01:mi=00:su=37;41:sg=30;43:ca=30;41:tw=30;42:ow=34;42:st=37;44:ex=01;32:*.tar=01;31:*.tgz=01;31:*.arc=01;31:*.arj=01;31:*.taz=01;31:*.lha=01;31:*.lz4=01;31:*.lzh=01;31:*.lzma=01;31:*.tlz=01;31:*.txz=01;31:*.tzo=01;31:*.t7z=01;31:*.zip=01;31:*.z=01;31:*.dz=01;31:*.gz=01;31:*.lrz=01;31:*.lz=01;31:*.lzo=01;31:*.xz=01;31:*.zst=01;31:*.tzst=01;31:*.bz2=01;31:*.bz=01;31:*.tbz=01;31:*.tbz2=01;31:*.tz=01;31:*.deb=01;31:*.rpm=01;31:*.jar=01;31:*.war=01;31:*.ear=01;31:*.sar=01;31:*.rar=01;31:*.alz=01;31:*.ace=01;31:*.zoo=01;31:*.cpio=01;31:*.7z=01;31:*.rz=01;31:*.cab=01;31:*.wim=01;31:*.swm=01;31:*.dwm=01;31:*.esd=01;31:*.jpg=01;35:*.jpeg=01;35:*.mjpg=01;35:*.mjpeg=01;35:*.gif=01;35:*.bmp=01;35:*.pbm=01;35:*.pgm=01;35:*.ppm=01;35:*.tga=01;35:*.xbm=01;35:*.xpm=01;35:*.tif=01;35:*.tiff=01;35:*.png=01;35:*.svg=01;35:*.svgz=01;35:*.mng=01;35:*.pcx=01;35:*.mov=01;35:*.mpg=01;35:*.mpeg=01;35:*.m2v=01;35:*.mkv=01;35:*.webm=01;35:*.webp=01;35:*.ogm=01;35:*.mp4=01;35:*.m4v=01;35:*.mp4v=01;35:*.vob=01;35:*.qt=01;35:*.nuv=01;35:*.wmv=01;35:*.asf=01;35:*.rm=01;35:*.rmvb=01;35:*.flc=01;35:*.avi=01;35:*.fli=01;35:*.flv=01;35:*.gl=01;35:*.dl=01;35:*.xcf=01;35:*.xwd=01;35:*.yuv=01;35:*.cgm=01;35:*.emf=01;35:*.ogv=01;35:*.ogx=01;35:*.aac=00;36:*.au=00;36:*.flac=00;36:*.m4a=00;36:*.mid=00;36:*.midi=00;36:*.mka=00;36:*.mp3=00;36:*.mpc=00;36:*.ogg=00;36:*.ra=00;36:*.wav=00;36:*.oga=00;36:*.opus=00;36:*.spx=00;36:*.xspf=00;36:', 'AMENT_PREFIX_PATH': '/root/ros2_ws/install/ur_description:/root/ros2_ws/install/ur10e_trajectory_pkg:/root/ros2_ws/install/ur10e_interfaces:/root/ros2_ws/install/package1:/opt/ros/humble', 'PWD': '/root/ros2_ws/build/ur10e_trajectory_pkg', 'LC_ALL': 'C.UTF-8', 'PYTHONPATH': '/root/ros2_ws/build/ur10e_trajectory_pkg/prefix_override:/usr/lib/python3/dist-packages/colcon_core/task/python/colcon_distutils_commands:/root/ros2_ws/install/ur10e_trajectory_pkg/lib/python3.10/site-packages:/root/ros2_ws/install/ur10e_trajectory_pkg/lib/python3.10/site-packages:/root/ros2_ws/install/ur10e_interfaces/local/lib/python3.10/dist-packages:/root/ros2_ws/install/package1/lib/python3.10/site-packages:/opt/ros/humble/lib/python3.10/site-packages:/opt/ros/humble/local/lib/python3.10/dist-packages', 'COLCON': '1', 'CMAKE_PREFIX_PATH': '/root/ros2_ws/install/ur10e_interfaces:/root/ros2_ws/install/ur_description'}, 'shell': False}
[3.910501] (-) TimerEvent: {}
[4.010739] (-) TimerEvent: {}
[4.052975] (ur10e_trajectory_pkg) StdoutLine: {'line': b'running egg_info\n'}
[4.053398] (ur10e_trajectory_pkg) StdoutLine: {'line': b'creating ../../build/ur10e_trajectory_pkg/ur10e_trajectory_pkg.egg-info\n'}
[4.053563] (ur10e_trajectory_pkg) StdoutLine: {'line': b'writing ../../build/ur10e_trajectory_pkg/ur10e_trajectory_pkg.egg-info/PKG-INFO\n'}
[4.053773] (ur10e_trajectory_pkg) StdoutLine: {'line': b'writing dependency_links to ../../build/ur10e_trajectory_pkg/ur10e_trajectory_pkg.egg-info/dependency_links.txt\n'}
[4.053946] (ur10e_trajectory_pkg) StdoutLine: {'line': b'writing entry points to ../../build/ur10e_trajectory_pkg/ur10e_trajectory_pkg.egg-info/entry_points.txt\n'}
[4.054094] (ur10e_trajectory_pkg) StdoutLine: {'line': b'writing requirements to ../../build/ur10e_trajectory_pkg/ur10e_trajectory_pkg.egg-info/requires.txt\n'}
[4.054211] (ur10e_trajectory_pkg) StdoutLine: {'line': b'writing top-level names to ../../build/ur10e_trajectory_pkg/ur10e_trajectory_pkg.egg-info/top_level.txt\n'}
[4.054314] (ur10e_trajectory_pkg) StdoutLine: {'line': b"writing manifest file '../../build/ur10e_trajectory_pkg/ur10e_trajectory_pkg.egg-info/SOURCES.txt'\n"}
[4.055628] (ur10e_trajectory_pkg) StdoutLine: {'line': b"reading manifest file '../../build/ur10e_trajectory_pkg/ur10e_trajectory_pkg.egg-info/SOURCES.txt'\n"}
[4.056406] (ur10e_trajectory_pkg) StdoutLine: {'line': b"writing manifest file '../../build/ur10e_trajectory_pkg/ur10e_trajectory_pkg.egg-info/SOURCES.txt'\n"}
[4.056565] (ur10e_trajectory_pkg) StdoutLine: {'line': b'running build\n'}
[4.056773] (ur10e_trajectory_pkg) StdoutLine: {'line': b'running build_py\n'}
[4.056856] (ur10e_trajectory_pkg) StdoutLine: {'line': b'creating /root/ros2_ws/build/ur10e_trajectory_pkg/build\n'}
[4.056965] (ur10e_trajectory_pkg) StdoutLine: {'line': b'creating /root/ros2_ws/build/ur10e_trajectory_pkg/build/lib\n'}
[4.057046] (ur10e_trajectory_pkg) StdoutLine: {'line': b'creating /root/ros2_ws/build/ur10e_trajectory_pkg/build/lib/ur10e_trajectory_pkg\n'}
[4.057129] (ur10e_trajectory_pkg) StdoutLine: {'line': b'copying ur10e_trajectory_pkg/VisualizeTraj.py -> /root/ros2_ws/build/ur10e_trajectory_pkg/build/lib/ur10e_trajectory_pkg\n'}
[4.060383] (ur10e_trajectory_pkg) StdoutLine: {'line': b'copying ur10e_trajectory_pkg/obstacle_markers.py -> /root/ros2_ws/build/ur10e_trajectory_pkg/build/lib/ur10e_trajectory_pkg\n'}
[4.061118] (ur10e_trajectory_pkg) StdoutLine: {'line': b'copying ur10e_trajectory_pkg/Validate_trajServer.py -> /root/ros2_ws/build/ur10e_trajectory_pkg/build/lib/ur10e_trajectory_pkg\n'}
[4.061889] (ur10e_trajectory_pkg) StdoutLine: {'line': b'copying ur10e_trajectory_pkg/VisualizeTraj_RvizPlayback.py -> /root/ros2_ws/build/ur10e_trajectory_pkg/build/lib/ur10e_trajectory_pkg\n'}
[4.062458] (ur10e_trajectory_pkg) StdoutLine: {'line': b'copying ur10e_trajectory_pkg/__init__.py -> /root/ros2_ws/build/ur10e_trajectory_pkg/build/lib/ur10e_trajectory_pkg\n'}
[4.062613] (ur10e_trajectory_pkg) StdoutLine: {'line': b'copying ur10e_trajectory_pkg/joint_state_to_gazebo_bridge.py -> /root/ros2_ws/build/ur10e_trajectory_pkg/build/lib/ur10e_trajectory_pkg\n'}
[4.063014] (ur10e_trajectory_pkg) StdoutLine: {'line': b'copying ur10e_trajectory_pkg/joint_state_to_gazebo_bridge_old (copy).py -> /root/ros2_ws/build/ur10e_trajectory_pkg/build/lib/ur10e_trajectory_pkg\n'}
[4.063730] (ur10e_trajectory_pkg) StdoutLine: {'line': b'copying ur10e_trajectory_pkg/validation_core.py -> /root/ros2_ws/build/ur10e_trajectory_pkg/build/lib/ur10e_trajectory_pkg\n'}
[4.063866] (ur10e_trajectory_pkg) StdoutLine: {'line': b'copying ur10e_trajectory_pkg/joint_state_to_gazebo_bridge_old.py -> /root/ros2_ws/build/ur10e_trajectory_pkg/build/lib/ur10e_trajectory_pkg\n'}
[4.064277] (ur10e_trajectory_pkg) StdoutLine: {'line': b'copying ur10e_trajectory_pkg/ClientNode.py -> /root/ros2_ws/build/ur10e_trajectory_pkg/build/lib/ur10e_trajectory_pkg\n'}
[4.064441] (ur10e_trajectory_pkg) StdoutLine: {'line': b'copying ur10e_trajectory_pkg/joint_state_node.py -> /root/ros2_ws/build/ur10e_trajectory_pkg/build/lib/ur10e_trajectory_pkg\n'}
[4.065066] (ur10e_trajectory_pkg) StdoutLine: {'line': b'running install\n'}
[4.065303] (ur10e_trajectory_pkg) StdoutLine: {'line': b'running install_lib\n'}
[4.065852] (ur10e_trajectory_pkg) StdoutLine: {'line': b'creating /root/ros2_ws/install/ur10e_trajectory_pkg/lib/python3.10/site-packages/ur10e_trajectory_pkg\n'}
[4.066000] (ur10e_trajectory_pkg) StdoutLine: {'line': b'copying /root/ros2_ws/build/ur10e_trajectory_pkg/build/lib/ur10e_trajectory_pkg/__init__.py -> /root/ros2_ws/install/ur10e_trajectory_pkg/lib/python3.10/site-packages/ur10e_trajectory_pkg\n'}
[4.066099] (ur10e_trajectory_pkg) StdoutLine: {'line': b'copying /root/ros2_ws/build/ur10e_trajectory_pkg/build/lib/ur10e_trajectory_pkg/joint_state_to_gazebo_bridge_old.py -> /root/ros2_ws/install/ur10e_trajectory_pkg/lib/python3.10/site-packages/ur10e_trajectory_pkg\n'}
[4.066253] (ur10e_trajectory_pkg) StdoutLine: {'line': b'copying /root/ros2_ws/build/ur10e_trajectory_pkg/build/lib/ur10e_trajectory_pkg/joint_state_to_gazebo_bridge.py -> /root/ros2_ws/install/ur10e_trajectory_pkg/lib/python3.10/site-packages/ur10e_trajectory_pkg\n'}
[4.066444] (ur10e_trajectory_pkg) StdoutLine: {'line': b'copying /root/ros2_ws/build/ur10e_trajectory_pkg/build/lib/ur10e_trajectory_pkg/Validate_trajServer.py -> /root/ros2_ws/install/ur10e_trajectory_pkg/lib/python3.10/site-packages/ur10e_trajectory_pkg\n'}
[4.066544] (ur10e_trajectory_pkg) StdoutLine: {'line': b'copying /root/ros2_ws/build/ur10e_trajectory_pkg/build/lib/ur10e_trajectory_pkg/obstacle_markers.py -> /root/ros2_ws/install/ur10e_trajectory_pkg/lib/python3.10/site-packages/ur10e_trajectory_pkg\n'}
[4.066647] (ur10e_trajectory_pkg) StdoutLine: {'line': b'copying /root/ros2_ws/build/ur10e_trajectory_pkg/build/lib/ur10e_trajectory_pkg/validation_core.py -> /root/ros2_ws/install/ur10e_trajectory_pkg/lib/python3.10/site-packages/ur10e_trajectory_pkg\n'}
[4.066796] (ur10e_trajectory_pkg) StdoutLine: {'line': b'copying /root/ros2_ws/build/ur10e_trajectory_pkg/build/lib/ur10e_trajectory_pkg/joint_state_to_gazebo_bridge_old (copy).py -> /root/ros2_ws/install/ur10e_trajectory_pkg/lib/python3.10/site-packages/ur10e_trajectory_pkg\n'}
[4.066924] (ur10e_trajectory_pkg) StdoutLine: {'line': b'copying /root/ros2_ws/build/ur10e_trajectory_pkg/build/lib/ur10e_trajectory_pkg/joint_state_node.py -> /root/ros2_ws/install/ur10e_trajectory_pkg/lib/python3.10/site-packages/ur10e_trajectory_pkg\n'}
[4.067084] (ur10e_trajectory_pkg) StdoutLine: {'line': b'copying /root/ros2_ws/build/ur10e_trajectory_pkg/build/lib/ur10e_trajectory_pkg/ClientNode.py -> /root/ros2_ws/install/ur10e_trajectory_pkg/lib/python3.10/site-packages/ur10e_trajectory_pkg\n'}
[4.067258] (ur10e_trajectory_pkg) StdoutLine: {'line': b'copying /root/ros2_ws/build/ur10e_trajectory_pkg/build/lib/ur10e_trajectory_pkg/VisualizeTraj_RvizPlayback.py -> /root/ros2_ws/install/ur10e_trajectory_pkg/lib/python3.10/site-packages/ur10e_trajectory_pkg\n'}
[4.067389] (ur10e_trajectory_pkg) StdoutLine: {'line': b'copying /root/ros2_ws/build/ur10e_trajectory_pkg/build/lib/ur10e_trajectory_pkg/VisualizeTraj.py -> /root/ros2_ws/install/ur10e_trajectory_pkg/lib/python3.10/site-packages/ur10e_trajectory_pkg\n'}
[4.067853] (ur10e_trajectory_pkg) StdoutLine: {'line': b'byte-compiling /root/ros2_ws/install/ur10e_trajectory_pkg/lib/python3.10/site-packages/ur10e_trajectory_pkg/__init__.py to __init__.cpython-310.pyc\n'}
[4.068132] (ur10e_trajectory_pkg) StdoutLine: {'line': b'byte-compiling /root/ros2_ws/install/ur10e_trajectory_pkg/lib/python3.10/site-packages/ur10e_trajectory_pkg/joint_state_to_gazebo_bridge_old.py to joint_state_to_gazebo_bridge_old.cpython-310.pyc\n'}
[4.068609] (ur10e_trajectory_pkg) StdoutLine: {'line': b'byte-compiling /root/ros2_ws/install/ur10e_trajectory_pkg/lib/python3.10/site-packages/ur10e_trajectory_pkg/joint_state_to_gazebo_bridge.py to joint_state_to_gazebo_bridge.cpython-310.pyc\n'}
[4.069194] (ur10e_trajectory_pkg) StdoutLine: {'line': b'byte-compiling /root/ros2_ws/install/ur10e_trajectory_pkg/lib/python3.10/site-packages/ur10e_trajectory_pkg/Validate_trajServer.py to Validate_trajServer.cpython-310.pyc\n'}
[4.070167] (ur10e_trajectory_pkg) StdoutLine: {'line': b'byte-compiling /root/ros2_ws/install/ur10e_trajectory_pkg/lib/python3.10/site-packages/ur10e_trajectory_pkg/obstacle_markers.py to obstacle_markers.cpython-310.pyc\n'}
[4.070617] (ur10e_trajectory_pkg) StdoutLine: {'line': b'byte-compiling /root/ros2_ws/install/ur10e_trajectory_pkg/lib/python3.10/site-packages/ur10e_trajectory_pkg/validation_core.py to validation_core.cpython-310.pyc\n'}
[4.073909] (ur10e_trajectory_pkg) StdoutLine: {'line': b'byte-compiling /root/ros2_ws/install/ur10e_trajectory_pkg/lib/python3.10/site-packages/ur10e_trajectory_pkg/joint_state_to_gazebo_bridge_old (copy).py to joint_state_to_gazebo_bridge_old (copy).cpython-310.pyc\n'}
[4.074333] (ur10e_trajectory_pkg) StdoutLine: {'line': b'byte-compiling /root/ros2_ws/install/ur10e_trajectory_pkg/lib/python3.10/site-packages/ur10e_trajectory_pkg/joint_state_node.py to joint_state_node.cpython-310.pyc\n'}
[4.074842] (ur10e_trajectory_pkg) StdoutLine: {'line': b'byte-compiling /root/ros2_ws/install/ur10e_trajectory_pkg/lib/python3.10/site-packages/ur10e_trajectory_pkg/ClientNode.py to ClientNode.cpython-310.pyc\n'}
[4.075544] (ur10e_trajectory_pkg) StdoutLine: {'line': b'byte-compiling /root/ros2_ws/install/ur10e_trajectory_pkg/lib/python3.10/site-packages/ur10e_trajectory_pkg/VisualizeTraj_RvizPlayback.py to VisualizeTraj_RvizPlayback.cpython-310.pyc\n'}
[4.075856] (ur10e_trajectory_pkg) StdoutLine: {'line': b'byte-compiling /root/ros2_ws/install/ur10e_trajectory_pkg/lib/python3.10/site-packages/ur10e_trajectory_pkg/VisualizeTraj.py to VisualizeTraj.cpython-310.pyc\n'}
[4.076245] (ur10e_trajectory_pkg) StdoutLine: {'line': b'running install_data\n'}
[4.076431] (ur10e_trajectory_pkg) StdoutLine: {'line': b'creating /root/ros2_ws/install/ur10e_trajectory_pkg/share/ament_index\n'}
[4.076531] (ur10e_trajectory_pkg) StdoutLine: {'line': b'creating /root/ros2_ws/install/ur10e_trajectory_pkg/share/ament_index/resource_index\n'}
[4.076623] (ur10e_trajectory_pkg) StdoutLine: {'line': b'creating /root/ros2_ws/install/ur10e_trajectory_pkg/share/ament_index/resource_index/packages\n'}
[4.076700] (ur10e_trajectory_pkg) StdoutLine: {'line': b'copying resource/ur10e_trajectory_pkg -> /root/ros2_ws/install/ur10e_trajectory_pkg/share/ament_index/resource_index/packages\n'}
[4.076772] (ur10e_trajectory_pkg) StdoutLine: {'line': b'copying package.xml -> /root/ros2_ws/install/ur10e_trajectory_pkg/share/ur10e_trajectory_pkg\n'}
[4.076865] (ur10e_trajectory_pkg) StdoutLine: {'line': b'creating /root/ros2_ws/install/ur10e_trajectory_pkg/share/ur10e_trajectory_pkg/launch\n'}
[4.076939] (ur10e_trajectory_pkg) StdoutLine: {'line': b'copying ur10e_trajectory_pkg/VisualizeTraj.py -> /root/ros2_ws/install/ur10e_trajectory_pkg/share/ur10e_trajectory_pkg/launch\n'}
[4.077076] (ur10e_trajectory_pkg) StdoutLine: {'line': b'copying ur10e_trajectory_pkg/VisualizeTraj_RvizPlayback.py -> /root/ros2_ws/install/ur10e_trajectory_pkg/share/ur10e_trajectory_pkg/launch\n'}
[4.077249] (ur10e_trajectory_pkg) StdoutLine: {'line': b'running install_egg_info\n'}
[4.078536] (ur10e_trajectory_pkg) StdoutLine: {'line': b'Copying ../../build/ur10e_trajectory_pkg/ur10e_trajectory_pkg.egg-info to /root/ros2_ws/install/ur10e_trajectory_pkg/lib/python3.10/site-packages/ur10e_trajectory_pkg-0.0.0-py3.10.egg-info\n'}
[4.079758] (ur10e_trajectory_pkg) StdoutLine: {'line': b'running install_scripts\n'}
[4.095535] (ur10e_trajectory_pkg) StdoutLine: {'line': b'Installing joint_state_node script to /root/ros2_ws/install/ur10e_trajectory_pkg/lib/ur10e_trajectory_pkg\n'}
[4.095760] (ur10e_trajectory_pkg) StdoutLine: {'line': b'Installing joint_state_to_gazebo_bridge script to /root/ros2_ws/install/ur10e_trajectory_pkg/lib/ur10e_trajectory_pkg\n'}
[4.095879] (ur10e_trajectory_pkg) StdoutLine: {'line': b'Installing obstacle_markers script to /root/ros2_ws/install/ur10e_trajectory_pkg/lib/ur10e_trajectory_pkg\n'}
[4.095987] (ur10e_trajectory_pkg) StdoutLine: {'line': b'Installing trajectory_client script to /root/ros2_ws/install/ur10e_trajectory_pkg/lib/ur10e_trajectory_pkg\n'}
[4.096167] (ur10e_trajectory_pkg) StdoutLine: {'line': b'Installing validation_server script to /root/ros2_ws/install/ur10e_trajectory_pkg/lib/ur10e_trajectory_pkg\n'}
[4.096439] (ur10e_trajectory_pkg) StdoutLine: {'line': b"writing list of installed files to '/root/ros2_ws/build/ur10e_trajectory_pkg/install.log'\n"}
[4.111100] (ur10e_trajectory_pkg) CommandEnded: {'returncode': 0}
[4.111481] (-) TimerEvent: {}
[4.116892] (ur10e_trajectory_pkg) JobEnded: {'identifier': 'ur10e_trajectory_pkg', 'rc': 0}
[4.117727] (-) EventReactorShutdown: {}
